NR.,ARTIEST,TITEL,JAAR
1,Danny Vera,Roller Coaster,2019
2,Queen,Bohemian Rhapsody,1975
3,Eagles,Hotel California,1977
4,Billy Joel,Piano Man,1974
5,Led Zeppelin,Stairway To Heaven,1971
6,Pearl Jam,Black,1992
7,Boudewijn de Groot,Avond,1997
8,Coldplay,Fix You,2005
9,Pink Floyd,Wish You Were Here,1975
10,David Bowie,Heroes,1976
11,Queen,Love Of My Life,1975
12,Di-rect,Soldier On,2020
13,Prince & The Revolution,Purple Rain,1984
14,Toto,Africa,1982
15,Deep Purple,Child In Time,1970
16,Guns N' Roses,November Rain,1992
17,Metallica,Nothing Else Matters,1992
18,Dire Straits,Brothers In Arms,1985
19,Pink Floyd,Comfortably Numb,1979
20,Disturbed,The Sound Of Silence,2016
21,Bruce Springsteen,The River,1981
22,Racoon,Oceaan,2012
23,Simon & Garfunkel,The Sound Of Silence,1966
24,AC/DC,Thunderstruck,1990
25,Nirvana,Smells Like Teen Spirit,1991
26,John Lennon,Imagine,1971
27,Dire Straits,Sultans Of Swing,1978
28,Pink Floyd,Shine On You Crazy Diamond (Pts. 1-5),1975
29,Miss Montreal,Door de wind,2020
30,Metallica,One,1994
31,Stef Bos,Papa,1991
32,Pearl Jam,Just Breathe,2009
33,Golden Earring,Radar Love,1973
34,Meat Loaf,Paradise By The Dashboard Light,1978
35,Guns N' Roses,Sweet Child O' Mine,1987
36,Phil Collins,In The Air Tonight,1981
37,Lady Gaga & Bradley Cooper,Shallow,2018
38,Klein Orkest,Over De Muur,1984
39,The Cure,A Forest,1980
40,Johnny Cash,Hurt,2002
41,Fleetwood Mac,Go Your Own Way,1977
42,Dire Straits,Telegraph Road,1982
43,Coldplay,Viva La Vida,2008
44,The Rolling Stones,Paint It Black,1966
45,Supertramp,School,1974
46,Queen,Innuendo,1991
47,Wim Sonneveld,Het Dorp,1974
48,Simon & Garfunkel,Bridge Over Troubled Water,1970
49,Linkin Park,In The End,2000
50,The Beatles,Let It Be,1970
51,Rage Against The Machine,Killing In The Name,1992
52,U2,Sunday Bloody Sunday,1985
53,U2,With Or Without You,1987
54,Claudia de Breij,Mag Ik Dan Bij Jou,2011
55,Queen,Don't Stop Me Now,1979
56,ABBA,Dancing Queen,1976
57,Pearl Jam,Alive,1992
58,Amy Winehouse,Back To Black,2007
59,Queen & David Bowie,Under Pressure,1981
60,George Michael & Queen,Somebody To Love (Live),1993
61,Coldplay,The Scientist,2002
62,Radiohead,Creep,1992
63,The Beach Boys,God Only Knows,1966
64,Dolly Parton,Jolene,1974
65,Michael Kiwanuka,Cold Little Heart,2016
66,The Rolling Stones,Sympathy For The Devil,1973
67,U2,One,1992
68,Metallica,Enter Sandman,1991
69,Guus Meeuwis,Brabant,2003
70,Queen,Somebody To Love,1976
71,Bløf ft. Geike,Zoutelande,2017
72,Electric Light Orchestra,Mr. Blue Sky,1978
73,Liesbeth List & Ramses Shaffy,Pastorale,1969
74,Eminem,Lose Yourself,2002
75,Supertramp,Fool's Overture,1977
76,Kensington,Sorry,2016
77,Pink Floyd,Another Brick In The Wall,1979
78,AC/DC,Highway To Hell,1979
79,The Rolling Stones,Angie,1973
80,Red Hot Chili Peppers,Under The Bridge,1991
81,The Doors,Riders On The Storm,1971
82,Robbie Williams,Angels,1998
83,The Beatles,Here Comes The Sun,1969
84,The Alan Parsons Project,Old And Wise,1982
85,Queen,Who Wants To Live Forever,1986
86,Paolo Nutini,Iron Sky,2014
87,Kensington,Uncharted,2019
88,Metallica,Master Of Puppets,1986
89,Queen,The Show Must Go On,1991
90,Otis Redding,(Sittin' On) The Dock Of The Bay,1968
91,AC/DC,Whole Lotta Rosie,1978
92,The Beatles,Hey Jude,1968
93,Muse,Uprising,2009
94,Snow Patrol,Chasing Cars,2006
95,Dire Straits,Private Investigations,1982
96,Coldplay,Clocks,2003
97,Ramses Shaffy,Laat Me,1978
98,The Weeknd,Blinding Lights,2019
99,U2,Where The Streets Have No Name,1987
100,The Rolling Stones,Gimme Shelter,1969
101,Acda & De Munnik,Het Regent Zonnestralen,1998
102,R.E.M.,Losing My Religion,1991
103,Eric Clapton,Tears In Heaven,1992
104,The Beatles,Yesterday,1965
105,Floor Jansen & Henk Poort,Phantom Of The Opera,2019
106,Journey,Don't Stop Believin',1981
107,David Bowie,Space Oddity,1969
108,Volbeat,Lola Montez,2013
109,Fleetwood Mac,The Chain,1977
110,The Beatles,Blackbird,1968
111,Fleetwood Mac,Dreams,1977
112,Simple Minds,Belfast Child,1989
113,Elvis Presley,Suspicious Minds,1969
114,Coldplay,Yellow,2000
115,Golden Earring,When The Lady Smiles,1984
116,Van Dik Hout,Stil In Mij,1994
117,Billy Joel,Goodnight Saigon,1983
118,Foo Fighters,The Pretender,2007
119,Creedence Clearwater Revival,Have You Ever Seen The Rain,1971
120,The Verve,Bitter Sweet Symphony,1997
121,André Hazes,Kleine Jongen,1990
122,The Cranberries,Zombie,1994
123,Black Sabbath,Paranoid,1970
124,Animals,House Of The Rising Sun,1964
125,U2,I Still Haven't Found What I'm Looking For,1987
126,Red Hot Chili Peppers,Californication,2000
127,Michael Jackson,Billie Jean,1983
128,Bryan Adams,Summer Of '69,1990
129,Kate Bush,Wuthering Heights,1978
130,Sting,Fragile,1988
131,Queen,Killer Queen,1974
132,Simon & Garfunkel,The Boxer,1969
133,Muse,Knights Of Cydonia,2006
134,Oasis,Wonderwall,1995
135,Depeche Mode,Enjoy The Silence,1990
136,Coldplay & Avicii,A Sky Full Of Stars,2014
137,Anouk,Nobody's Wife,1997
138,Leonard Cohen,Hallelujah,1984
139,Nirvana,Come As You Are,1991
140,The Killers,Mr. Brightside,2005
141,ABBA,The Winner Takes It All,1980
142,André Hazes,Bloed Zweet En Tranen,2002
143,Rammstein,Du Hast,1997
144,Guns N' Roses,Paradise City,1989
145,The Moody Blues,Nights In White Satin,1968
146,Queen,I Want To Break Free,1984
147,Adele,Someone Like You,2011
148,Elton John,Your Song,1971
149,Simple Minds,Don't You (Forget About Me),1985
150,Bruce Springsteen,Streets Of Philadelphia,1994
151,Oasis,Don't Look Back In Anger,1996
152,Falco,Jeanny,1986
153,Procol Harum,A Whiter Shade Of Pale,1967
154,"Earth, Wind & Fire",September,1979
155,Herman Brood & His Wild Romance,Saturday Night,1978
156,Lou Reed,Perfect Day,1972
157,Sting,Fields Of Gold,1993
158,Ike & Tina Turner,Proud Mary,1971
159,Kyteman,Sorry,2009
160,Bill Withers,Ain't No Sunshine,1971
161,Dire Straits,Money For Nothing,1985
162,Within Temptation,Ice Queen,2001
163,Eagles,The Last Resort,1976
164,Bon Jovi,Bed Of Roses,1993
165,Eagles,Desperado,1973
166,Rammstein,Deutschland,2019
167,Frank Boeijen Groep,Zeg Me Dat Het Niet Zo Is,1990
168,De Jeugd Van Tegenwoordig,Sterrenstof,2010
169,Ed Sheeran,Perfect,2017
170,Mary J Blige & U2,One,2006
171,Stef Bos,Is Dit Nu Later,1990
172,Keane,Somewhere Only We Know,2004
173,Deep Purple,Smoke On The Water,1973
174,Marco Borsato,Dochters,2008
175,Michael Jackson,Earth Song,1995
176,Led Zeppelin,Whole Lotta Love,1969
177,R.E.M.,Everybody Hurts,1993
178,Neil Diamond,Sweet Caroline,1969
179,George Michael,Careless Whisper,1984
180,Nothing But Thieves,Impossible (Orchestral Version Live At Abbey Road),2020
181,Racoon,Love You More,2005
182,Live,Lightning Crashes,1995
183,Ramses Shaffy,"Zing, Vecht, Huil, Bid, Lach, Werk En Bewonder",1971
184,Lady Gaga,Always Remember Us This Way,2019
185,Bob Marley & The Wailers,Three Little Birds,1977
186,Jason Paige,Gotta Catch 'M All (Pokemon Theme Song),1997
187,U2,The Unforgettable Fire,1984
188,Normaal,Deurdonderen (Live),1982
189,Marillion,Kayleigh,1985
190,Freddie Mercury & Montserrat Caballé,Barcelona,1987
191,Michael Jackson,Thriller,1983
192,Helene Fischer,Atemlos Durch Die Nacht,2013
193,Normaal,De Boer Dat Is De Keerl,1982
194,Rammstein,Sonne,2001
195,Pearl Jam,Jeremy,1991
196,Creedence Clearwater Revival,Fortunate Son,1969
197,Frans Halsema,Voor Haar,1977
198,Bette Midler,The Rose,1980
199,Guns N' Roses,Knocking On Heaven's Door,1992
200,Creedence Clearwater Revival,I Put A Spell On You,1972
201,Motörhead,Ace Of Spades,1980
202,Frank Boeijen Groep,Kronenburg Park,1985
203,Diggy Dex ft. JW Roy,Treur Niet (Ode Aan Het Leven),2015
204,U2,Beautiful Day,2000
205,Charles Aznavour,She,1974
206,Sting,Englishman In New York,1988
207,Iron Maiden,Fear Of The Dark,1993
208,Duncan Laurence,Arcade,2019
209,Adele,Rolling In The Deep,2010
210,Harry Styles,Sign Of The Times,2017
211,Radiohead,Street Spirit (Fade Out),1994
212,Bruce Springsteen,Dancing In The Dark,1985
213,The Jimi Hendrix Experience,All Along The Watchtower,1968
214,Tracy Chapman,Fast Car,1988
215,U2,Bad,1984
216,Elvis Presley,In The Ghetto,1969
217,Queen,Radio Ga Ga,1984
218,Queen,We Will Rock You,1977
219,Foo Fighters,Everlong,1997
220,Bob Dylan,Hurricane,1975
221,Billie Eilish,Bad Guy,2019
222,System Of A Down,Chop Suey!,2001
223,Avicii ft. Aloe Blacc,Wake Me Up,2013
224,Michael Jackson,Man In The Mirror,1988
225,U2,Pride (In The Name Of Love),1984
226,Dire Straits,Walk Of Life,1985
227,Adele,Make You Feel My Love,2008
228,Editors,Papillon,2009
229,Stromae,Formidable,2013
230,Adele,Skyfall,2012
231,The Amazing Stroopwafels,Oude Maasweg,1982
232,Elton John,Rocket Man,1972
233,Bruce Springsteen,Born To Run,1975
234,The Proclaimers,I'm Gonna Be (500 Miles),1988
235,The Scene,Iedereen Is Van De Wereld,1991
236,John Miles,Music,1976
237,Don McLean,Vincent,1972
238,The Mamas & The Papas,California Dreamin',1966
239,Aerosmith,Dream On,1973
240,Creedence Clearwater Revival,Bad Moon Rising,1969
241,Johnny Cash,Ring Of Fire,1963
242,The Police,Roxanne,1979
243,Gary Moore,Still Got The Blues,1990
244,Elbow,One Day Like This,2008
245,Bruce Springsteen,I'm On Fire,1985
246,The Beatles,While My Guitar Gently Weeps,1968
247,The Rolling Stones,You Can't Always Get What You Want,1969
248,The Cult,She Sells Sanctuary,1986
249,Iron Maiden,Run To The Hills,1982
250,Neil Young,Old Man,1972
251,Fleetwood Mac,Sara,1980
252,Jeff Buckley,Hallelujah,1994
253,André Hazes,Zij Gelooft In Mij,1981
254,Linkin Park,Numb,2003
255,Normaal,Oerend Hard,1977
256,André Hazes Jr.,Leef,2016
257,Scorpions,Wind Of Change,1991
258,Krezip,I Would Stay,2000
259,Joe Cocker,With A Little Help From My Friends,1968
260,Kansas,Dust In The Wind,1978
261,Bob Marley & The Wailers,Redemption Song,1980
262,Suzan & Freek,Als Het Avond Is,2018
263,Peter Maffay,Du,1971
264,Evanescence,My Immortal,2003
265,John Denver,"Take Me Home, Country Roads",1971
266,Eddie Vedder,Society,2007
267,Rowwen Hèze,November,2000
268,Boudewijn de Groot,Testament,1967
269,Green Day,Boulevard Of Broken Dreams,2004
270,Faithless,Insomnia,1996
271,Maroon 5,Memories,2019
272,Phil Collins,Against All Odds (Take A Look At Me Now),1984
273,Neil Young,Rockin' In The Free World,1989
274,Metallica,The Unforgiven,1991
275,George Michael & Elton John,Don't Let The Sun Go Down On Me,1991
276,Abel,Onderweg,2000
277,Bløf & Counting Crows,Holiday In Spain,2004
278,Bon Jovi,Livin' On A Prayer,1986
279,Metallica,Fade To Black,1984
280,Neil Young,Heart Of Gold,1972
281,White Stripes,Seven Nation Army,2003
282,Adele,Hello,2015
283,Queens Of The Stone Age,No One Knows,2002
284,Kayak,Ruthless Queen,1979
285,Muse,Psycho,2015
286,Beth Hart,Leave The Light On,2004
287,Radiohead,Karma Police,1997
288,Arctic Monkeys,Do I Wanna Know?,2013
289,Peter Gabriel & Kate Bush,Don't Give Up,1986
290,Van Halen,Jump,1984
291,George Michael,Jesus To A Child,1996
292,Nirvana,Lithium,1991
293,De Dijk,Als Ze Er Niet Is,1994
294,Volbeat,Sad Man's Tongue,2007
295,Golden Earring,Twilight Zone,1982
296,Nena,99 Luftballons,1983
297,KISS,I Was Made For Lovin' You,1979
298,Slayer,Angel Of Death,1986
299,A-Ha,Take On Me,1985
300,Tom Odell,Another Love,2012
301,Janis Joplin,Me And Bobby McGee,1971
302,The Rolling Stones,(I Can't Get No) Satisfaction,1965
303,Jackson Browne,The Load Out/Stay,1977
304,Nirvana,The Man Who Sold The World (unplugged),1994
305,Billy Joel,She's Always A Woman,1978
306,Frank Sinatra,My Way,1969
307,Kings Of Leon,Sex On Fire,2008
308,Rob de Nijs,Foto Van Vroeger,1980
309,Jay-Z & Alicia Keys,Empire State Of Mind,2009
310,Bløf,Zo Stil,2012
311,Genesis,Mama,1983
312,Supertramp,The Logical Song,1979
313,Alphaville,Forever Young,1984
314,Sinead O'Connor,Nothing Compares 2 U,1990
315,Sinead O'Connor,Troy,1987
316,3 Doors Down,Kryptonite,2000
317,Peter Fox,Haus Am See,2009
318,Van Halen,Runnin' With The Devil,1978
319,The Beatles,A Day In The Life,1967
320,Led Zeppelin,Kashmir,1975
321,Boston,More Than A Feeling,1977
322,AC/DC,Back In Black,1980
323,Alderliefste & Ramses Shaffy & Liesbeth List,Laat Me/Vivre,2005
324,Pink Floyd,Echoes,1971
325,The Police,Every Breath You Take,1983
326,Fleetwood Mac,Landslide,1975
327,ABBA,The Day Before You Came,1982
328,Toto,Hold The Line,1979
329,ABBA,Gimme Gimme Gimme,1979
330,Golden Earring,Another 45 Miles,1969
331,Peter Gabriel,Solsbury Hill,1977
332,André Hazes,Geef Mij Je Angst,1983
333,Rowwen Hèze,De Peel In Brand,2005
334,Adele,When We Were Young,2015
335,Mumford & Sons,Little Lion Man,2010
336,Paul Simon,Graceland,1986
337,Phil Collins,Another Day In Paradise,1989
338,Queensrÿche,Silent Lucidity,1991
339,Pink Floyd,Time,1973
340,Kate Bush,The Man With The Child In His Eyes,1978
341,Guns N' Roses,Welcome To The Jungle,1987
342,Queen,These Are The Days Of Our Lives,1991
343,Michael Jackson,Beat It,1983
344,Soundgarden,Black Hole Sun,1994
345,The Goo Goo Dolls,Iris,1999
346,De Dijk,Niemand In De Stad,1989
347,Snow Patrol,Run,2004
348,The Scene,Blauw,1991
349,Eminem & Dido,Stan,2000
350,André Hazes,De Vlieger,1977
351,Gerry & The Pacemakers,You'll Never Walk Alone,1963
352,Bob Marley & The Wailers,"No Woman, No Cry (Live)",1975
353,Anouk,Lost,2005
354,Prince & The Revolution,When Doves Cry,1984
355,Skik,Op Fietse,1997
356,Maan,Ze Huilt Maar Ze Lacht,2019
357,Elton John,I'm Still Standing,1983
358,The Who,Baba O'Riley,1971
359,Fleetwood Mac,Everywhere,1987
360,Cuby & the Blizzards,Window Of My Eyes,1968
361,Ike & Tina Turner,River Deep Mountain High,1966
362,The Mark & Clark Band,Worn Down Piano,1977
363,Kenny Rogers & Dolly Parton,Islands In The Stream,1983
364,Adele,Set Fire To The Rain,2011
365,Nightwish,Ghost Love Score (Live@Wacken 2013),2013
366,Eric Clapton,Layla (Unplugged),1992
367,Davina Michelle,Duurt Te Lang,2018
368,ABBA,Mamma Mia,1975
369,Bløf,Omarm,2003
370,Simon & Garfunkel,Mrs. Robinson,1968
371,Van Morrison,Brown Eyed Girl,1967
372,Faithless,God Is A DJ,1998
373,Kensington,Streets,2014
374,Metallica,Whiskey In The Jar,1998
375,"Marco Borsato, Armin van Buuren & Davina Michelle",Hoe Het Danst,2019
376,Rammstein,Engel,1997
377,Boudewijn de Groot,Verdronken Vlinder,1966
378,Dire Straits,Romeo And Juliet,1980
379,Chef'Special,In Your Arms,2014
380,Elvis Presley,Can't Help Falling In Love,1961
381,Michel Fugain,Une Belle Histoire,1972
382,Nick Cave & The Bad Seeds,Into My Arms,1996
383,Queen,We Are The Champions,1977
384,Bløf,Harder Dan Ik Hebben Kan,1999
385,Mumford & Sons,The Cave,2010
386,Eagles,One Of These Nights,1975
387,Queen,Another One Bites The Dust,1980
388,Bløf,Aan De Kust,1999
389,Toto,Stop Loving You,1988
390,Jacques Brel,Ne Me Quitte Pas,1959
391,Within Temptation,Mother Earth,2002
392,Acda & De Munnik,Lopen Tot De Zon Komt,1997
393,ABBA,Eagle,1978
394,Rob de Nijs,Het Werd Zomer,1977
395,The Doors,The End,1967
396,Green Day,Basket Case,1994
397,Wham!,Last Christmas,1984
398,The Waterboys,The Whole Of The Moon,1986
399,David Bowie,Starman,1972
400,Marvin Gaye,What's Going On,1971
401,Alice Cooper,Poison,1989
402,Johnny Cash,I Walk The Line,1957
403,ABBA,Waterloo,1974
404,ABBA,Lay All Your Love On Me,1980
405,Lex Uiting,Nao 't Zuuje,2017
406,Ultravox,Vienna,1981
407,Eagles,Take It Easy,1972
408,Foreigner,I Want To Know What Love Is,1984
409,John Legend,All Of Me,2013
410,Imagine Dragons,Radioactive,2012
411,Mark Ronson ft. Amy Winehouse,Valerie,2007
412,Eurythmics,Sweet Dreams (Are Made Of This),1983
413,Lynyrd Skynyrd,Free Bird,1974
414,Lynyrd Skynyrd,Sweet Home Alabama,1974
415,Underworld,Born Slippy,1996
416,Jefferson Airplane,White Rabbit,1967
417,Editors,Smokers Outside The Hospital Doors,2007
418,Aretha Franklin,Respect,1967
419,ABBA,Thank You For The Music,1978
420,Bruce Springsteen,Born In The Usa,1985
421,The Alan Parsons Project,Eye In The Sky,1982
422,New Order,Blue Monday,1983
423,Hozier,Take Me To Church,2014
424,Bruce Springsteen,Tougher Than The Rest,1987
425,Hero,Toen Ik Je Zag,1997
426,De Dijk,Dansen Op De Vulkaan,1987
427,André Hazes,Zeg Maar Niets Meer,1982
428,Bruce Springsteen,My Hometown,1986
429,Elvis Presley,Always On My Mind,1972
430,Snelle,Reünie,2019
431,America,A Horse With No Name,1972
432,Radiohead,Paranoid Android,1997
433,Guns N' Roses,Estranged,1994
434,Bonnie Tyler,Total Eclipse Of The Heart,1983
435,Liquido,Narcotic,1998
436,The Beatles,Penny Lane,1967
437,Herbert Grönemeyer,Halt Mich,1988
438,Avicii,Hey Brother,2013
439,ABBA,Chiquitita,1979
440,U2,New Year's Day,1983
441,Meat Loaf,Bat Out Of Hell,1977
442,Neil Diamond,I Am… I Said,1971
443,The Rolling Stones,Wild Horses,1971
444,Armin van Buuren ft.Trevor Guthrie,This Is What It Feels Like,2013
445,Avicii,Levels,2011
446,Leonard Cohen,Suzanne,1968
447,Queen,Crazy Little Thing Called Love,1979
448,Billie Eilish,Everything I Wanted,2019
449,DJ Paul Elstak,Rainbow In The Sky,1995
450,AC/DC,You Shook Me All Night Long,1980
451,Bløf,Liefs Uit Londen,1998
452,Michael Jackson,Smooth Criminal,1988
453,Pink Floyd,Money,1973
454,Talk Talk,Such A Shame,1984
455,The Jimi Hendrix Experience,Hey Joe,1967
456,The Police,Message In A Bottle,1979
457,Joy Division,Love Will Tear Us Apart,1980
458,Nirvana,Where Did You Sleep Last Night (unplugged),1994
459,Louis Armstrong,What A Wonderful World,1968
460,John Denver,Annie's Song,1976
461,Boudewijn de Groot,De Vondeling Van Ameland,2004
462,Bløf,Dansen Aan Zee,2000
463,Simple Minds,Alive And Kicking,1985
464,Foo Fighters,Learn To Fly,1999
465,Ed Sheeran,Thinking Out Loud,2014
466,Guns N' Roses,Patience,1989
467,Robbie Williams,Feel,2002
468,John Denver,Leaving On A Jet Plane,1969
469,P!nk,What About Us,2017
470,Ed Sheeran,I See Fire,2014
471,The Stranglers,Golden Brown,1982
472,Chris Isaak,Wicked Game,1991
473,Doe Maar,Sinds 1 Dag Of 2 (32 Jaar),1981
474,"Earth, Wind & Fire",Fantasy,1978
475,De Dijk,Mag Het Licht Uit,1987
476,London Grammar,Strong,2014
477,Jim Croce,Time In A Bottle,1972
478,Red Hot Chili Peppers,Snow (Hey Oh),2006
479,ZZ Top,La Grange,1973
480,Bee Gees,Stayin' Alive,1978
481,Coldplay,Paradise,2011
482,Europe,The Final Countdown,1986
483,David Bowie,Life On Mars,1973
484,Guus Meeuwis,Geef Mij Je Angst,2005
485,Imagine Dragons,Believer,2017
486,Buena Vista Social Club,Chan Chan,1997
487,Elvis Costello,She,1999
488,Maaike Ouboter,Dat Ik Je Mis,2013
489,Santana,Samba Pa Ti,1970
490,Creedence Clearwater Revival,Who'll Stop The Rain,1970
491,Fleetwood Mac,Tusk,1979
492,The Beatles,Eleanor Rigby,1966
493,Suzan & Freek,Blauwe Dag,2019
494,Aretha Franklin,I Say A Little Prayer,1968
495,David Bowie,Let's Dance,1983
496,Iron Maiden,Can I Play With Madness,1988
497,Eric Clapton,Wonderful Tonight,1977
498,Anita Meyer,Why Tell Me Why,1981
499,De Dijk,Groot Hart,1985
500,Fleetwood Mac,Songbird,1977
501,George Michael,Freedom! '90,1990
502,The Cranberries,Linger,1993
503,Pearl Jam,Even Flow,1991
504,Rag'n'Bone Man,Human,2016
505,Nothing But Thieves,Sorry,2017
506,Bon Jovi,Always,1994
507,Amy Winehouse,Rehab,2006
508,Muse,Plug In Baby,2001
509,Triggerfinger,I Follow Rivers,2012
510,Andrea Bocelli & Sarah Brightman,Time To Say Goodbye,1997
511,Madness,One Step Beyond,1979
512,Tame Impala,Let It Happen,2015
513,Armin van Buuren ft. Kensington,Heading Up High,2015
514,Led Zeppelin,Immigrant Song,1971
515,Seal,Kiss From A Rose,1995
516,The Temptations,Papa Was A Rolling Stone,1972
517,Nothing But Thieves,Amsterdam,2017
518,ABBA,Does Your Mother Know,1979
519,Ed Sheeran,Shape Of You,2017
520,Tina Turner & David Bowie,Tonight (Live),1988
521,Stromae,Papaoutai,2013
522,The Boxer Rebellion,Diamonds,2013
523,Bon Jovi,It's My Life,2000
524,Acda & De Munnik,Ren Lenny Ren,2002
525,Anouk,Birds,2013
526,The Beatles,Come Together,1969
527,De Dijk,Ik Kan Het Niet Alleen,1989
528,Talking Heads,Slippery People (Live),1985
529,George Michael,Cowboys And Angels,1991
530,Supertramp,Dreamer,1974
531,The Doors,L.A. Woman,1971
532,Fleetwood Mac,Little Lies,1987
533,Golden Earring,Long Blond Animal,1980
534,Status Quo,Whatever You Want,1979
535,The Doors,Light My Fire,1967
536,Whitney Houston,I Will Always Love You,1992
537,White Lies,Time To Give,2018
538,Orchestral Manoeuvres In The Dark,Maid Of Orleans,1982
539,Red Hot Chili Peppers,Scar Tissue,1999
540,Paul de Leeuw,'k Heb Je Lief,1997
541,Fleetwood Mac,Don't Stop,1977
542,U2,I Will Follow (live),1982
543,Kensington,War,2014
544,Massive Attack,Unfinished Sympathy,1991
545,Michael Jackson,Dirty Diana,1987
546,Frankie Goes To Hollywood,The Power Of Love,1984
547,Elvis Presley,My Boy,1975
548,Fleetwood Mac,Rhiannon (Will You Ever Win),1976
549,Boudewijn de Groot,Welterusten Mijnheer De President,1966
550,Gotye ft. Kimbra,Somebody That I Used To Know,2011
551,The Kinks,Lola (Live),1980
552,George Michael,A Different Corner,1986
553,Metallica,Sad But True,1992
554,Johnny Cash,Folsom Prison Blues (Live),1968
555,Simon & Garfunkel,Homeward Bound,1966
556,Muse,Starlight,2006
557,Heart,Alone,1987
558,The Beatles,Strawberry Fields Forever,1967
559,Stevie Wonder,Superstition,1973
560,Michael Jackson,Ben,1972
561,Pink Floyd,The Great Gig In The Sky,1972
562,Chef'Special,Amigo,2016
563,Neet Oét Lottum,Hald Mich 's Vas,2004
564,10cc,Dreadlock Holiday,1978
565,Paul de Leeuw & Simone Kleinsma,Zonder Jou,1995
566,Scorpions,Still Loving You,1987
567,Passenger,Let Her Go,2012
568,Men At Work,Down Under,1982
569,Queen,Hammer To Fall,1984
570,Talking Heads,Psycho Killer,1978
571,Toto,Rosanna,1982
572,Phil Collins,You'll Be In My Heart,1999
573,George Michael,Faith,1987
574,Gerry Rafferty,Baker Street,1978
575,R.E.M.,Nightswimming,1992
576,Nightwish,Élan,2015
577,Prince,Sign 'O' The Times,1987
578,Van Morrison,Have I Told You Lately,1989
579,Santana,She's Not There,1978
580,Aerosmith,I Don't Want To Miss A Thing,1997
581,Fleetwood Mac,Albatross,1969
582,Racoon,Don't Give Up The Fight,2011
583,Mark Ronson ft. Bruno Mars,Uptown Funk,2014
584,Sia,Chandelier,2013
585,Imagine Dragons,Demons,2014
586,Beyoncé,Halo,2009
587,Melissa Etheridge,Like The Way I Do,1989
588,Johnny Cash,A Boy Named Sue,1969
589,Anouk,Michel,2000
590,De Staat,Witch Doctor,2014
591,Green Day,Wake Me Up When September Ends,2005
592,UB40,Red Red Wine,1983
593,Tears For Fears,Everybody Wants To Rule The World,1985
594,2Pac,Changes,1998
595,Kate Bush,Running Up That Hill,1985
596,Joe Jackson,Is She Really Going Out With Him? (Live),1988
597,Guus Meeuwis,Dat Komt Door Jou,2009
598,Evanescence,Bring Me To Life,2003
599,Muse,Supermassive Black Hole,2006
600,The Beach Boys,Good Vibrations,1966
601,De Poema's,Zij Maakt Het Verschil,2001
602,Simply Red,Holding Back The Years,1985
603,Red Hot Chili Peppers,Otherside,2000
604,Don Henley,The Boys Of Summer,1985
605,Don McLean,American Pie,1972
606,Queen,I Want It All,1989
607,Aretha Franklin,Think (Blues Brothers Version),1980
608,Ennio Morricone,Once Upon A Time In The West,1976
609,The Black Eyed Peas,I Gotta Feeling,2009
610,Aretha Franklin,(You Make Me Feel Like A) Natural Woman,1967
611,Novastar,Wrong,1999
612,George Michael,Father Figure,1988
613,Alanis Morissette,Ironic,1996
614,Krezip,Sweet Goodbyes,2009
615,Lana Del Rey,Video Games,2011
616,Meat Loaf,I'd Do Anything For Love (But I Won't Do That),1993
617,Supertramp,Take The Long Way Home,1979
618,Pink Floyd,High Hopes,1994
619,Ede Staal,Het Het Nog Nooit Zo Donker West,1984
620,Linkin Park & Jay-Z,Numb/Encore,2004
621,Het Goede Doel,Alles Geprobeerd,1986
622,Linkin Park,Breaking The Habit,2004
623,Prince & The Revolution,Sometimes It Snows In April,1986
624,Andrea Bocelli & Giorgia,Vivo Per Lei,1996
625,Ed Sheeran,Castle On The Hill,2017
626,John Mayer,Gravity,2006
627,Status Quo,Roll Over Lay Down (Live),1975
628,The War On Drugs,Under The Pressure,2014
629,Vangelis,Conquest Of Paradise,1995
630,John Mayer,In The Blood,2017
631,Michael Jackson,Heal The World,1992
632,Frank Boeijen Groep,De Verzoening,1987
633,Rowwen Hèze,Limburg (Live),1996
634,Adele,Million Years Ago,2016
635,The Cure,Lullaby,1989
636,Bruce Springsteen,Thunder Road,1975
637,Oasis,Champagne Supernova,1996
638,Elton John,Circle Of Life,1994
639,Tenacious D,Tribute,2003
640,Live,Overcome,2001
641,Golden Earring,Going To The Run,1991
642,Simon & Garfunkel,El Condor Pasa (If I Could),1970
643,Mumford & Sons,I Will Wait,2012
644,Lewis Capaldi,Someone You Loved,2019
645,Gorillaz,Feel Good Inc.,2005
646,John Mayer,Slow Dancing In A Burning Room,2006
647,Elvis Presley,Jailhouse Rock,1957
648,The Black Keys,Little Black Submarines,2011
649,Muse,Bliss,2001
650,Elton John,Nikita,1985
651,Neil Young,Like A Hurricane,1977
652,Pharrell Williams,Happy,2013
653,Herbert Grönemeyer,Der Weg,2002
654,Kate Bush,Cloudbusting,1985
655,Massive Attack,Teardrop,1998
656,INXS,Never Tear Us Apart,1988
657,"Crosby, Stills, Nash & Young",Our House,1970
658,Rob de Nijs,Banger Hart,1996
659,Frank Boeijen Groep,Zwart Wit,1984
660,Herman Brood & His Wild Romance,Never Be Clever,1979
661,AC/DC,Let There Be Rock,1977
662,Alice Cooper,Halo Of Flies,1973
663,Blue Öyster Cult,Don't Fear The Reaper,1976
664,Billy Joel,Leningrad,1989
665,Bryan Adams,(Everything I Do) I Do It For You,1991
666,Cream,White Room,1968
667,Justin Timberlake,Can't Stop The Feeling!,2016
668,K's Choice,Not An Addict,1996
669,Acda & De Munnik,Niet Of Nooit Geweest,1998
670,Tina Turner,The Best,1989
671,The Cats,One Way Wind,1971
672,The Beatles,Something,1969
673,Donna Summer,I Feel Love,1977
674,Pink Floyd,Hey You,1979
675,The Common Linnets,Calm After The Storm,2014
676,Spinvis,Kom Terug,2012
677,The Band,The Weight,1968
678,Al Stewart,Year Of The Cat,1977
679,Bee Gees,How Deep Is Your Love,1977
680,Bob Dylan,Blowin' In The Wind,1963
681,Ram Jam,Black Betty,1978
682,Michael Jackson,They Don't Care About Us,1996
683,Cat Stevens,Morning Has Broken,1972
684,Tame Impala,The Less I Know The Better,2015
685,Joe Cocker,You Are So Beautiful,1974
686,10cc,I'm Not In Love,1975
687,Elton John,Tiny Dancer,1971
688,Santana,Black Magic Woman,1970
689,Nits,In The Dutch Mountains,1987
690,Arctic Monkeys,I Bet You Look Good On The Dancefloor,2005
691,Iggy Pop,Lust For Life,1977
692,Chris Rea,Driving Home For Christmas,1986
693,Madness,Our House,1982
694,Charly Lownoise & Mental Theo,Wonderfull Days,1995
695,Rammstein,Mutter,2001
696,Nina Simone,"Ain't Got No, I Got Life (Original)",1968
697,Boudewijn de Groot,Jimmy,1973
698,Eva Cassidy,Fields Of Gold,1996
699,Focus,Hocus Pocus,1971
700,John Mayer,Daughters,2005
701,Daniël Lohues,Hier Kom Ik Weg,2008
702,Bruce Springsteen,Badlands,1978
703,Supertramp,Give A Little Bit,1977
704,P!nk ft. Nate Ruess,Just Give Me A Reason,2012
705,Gloria Gaynor,I Will Survive,1979
706,P!nk,Try,2012
707,Marco Borsato,Margherita,1996
708,David Bowie,Rebel Rebel,1974
709,Bløf,Hou Vol Hou Vast,2011
710,Dolly Parton,9 To 5,1981
711,Eddie Vedder,Hard Sun,2007
712,Frank Sinatra,Fly Me To The Moon,1964
713,Derek & The Dominos,Layla,1971
714,Art Garfunkel,Bright Eyes,1979
715,Henk Westbroek,Zelfs Je Naam Is Mooi,1998
716,Prince,1999,1982
717,Dusty Springfield,Son Of A Preacher Man,1968
718,The Script,The Man Who Can't Be Moved,2008
719,Linkin Park,One More Light,2016
720,Eagles,New Kid In Town,1977
721,Di-rect,Times Are Changing,2009
722,ABBA,Happy New Year,1980
723,Pink Floyd,Us And Them,1973
724,Michael Jackson,Black Or White,1991
725,Tina Turner,Private Dancer,1984
726,Keane,Sovereign Light Cafe,2012
727,Bob Dylan,Like A Rolling Stone,1965
728,Ilse DeLange,I Still Cry,2000
729,Fleetwood Mac,Need Your Love So Bad,1968
730,Kensington,Do I Ever,2016
731,Neil Diamond,Beautiful Noise,1976
732,Whitesnake,Here I Go Again,1987
733,Foo Fighters,Walk,2011
734,Cat Stevens,Father And Son,1971
735,Live,I Alone,1995
736,Uriah Heep,Easy Livin',1973
737,Racoon,Het Is Al Laat Toch,2020
738,Genesis,Firth Of Fifth,1973
739,Charles Aznavour,Yesterday When I Was Young,1970
740,Alice In Chains,Would,1992
741,Ed Sheeran,The A Team,2011
742,Normaal,Ik Bun Moar Een Eenvoudige Boerenlul,1978
743,The Cats,Lea,1968
744,Survivor,Eye Of The Tiger,1982
745,George Baker Selection,Little Green Bag,1969
746,Dire Straits,Tunnel Of Love,1980
747,The Police,So Lonely,1979
748,Eagles,Lyin' Eyes,1975
749,Rick Astley,Never Gonna Give You Up,1987
750,Leonard Cohen,So Long Marianne,1968
751,Kane,Rain Down On Me,2002
752,Rod Stewart,Sailing,1975
753,Rob de Nijs,Malle Babbe,1975
754,Bryan Adams,Heaven,1985
755,Guns N' Roses,Don't Cry,1991
756,R.E.M.,Man On The Moon,1992
757,Gorillaz,Clint Eastwood,2001
758,Herman van Veen,Liefde Van Later,1969
759,Spandau Ballet,Through The Barricades,1986
760,Bob Marley & The Wailers,Could You Be Loved,1980
761,The Alan Parsons Project,The Turn Of A Friendly Card,1980
762,Green Day,American Idiot,2004
763,Amy Winehouse,You Know I'm No Good,2007
764,The War On Drugs,Thinking Of A Place,2017
765,The Righteous Brothers,Unchained Melody,1965
766,Arcade Fire,Everything Now,2017
767,Simple Minds,Waterfront,1983
768,Iggy Pop,The Passenger,1976
769,Fools Garden,Lemon Tree,1996
770,De Dijk,Bloedend Hart,1982
771,Queen,A Kind Of Magic,1986
772,Harry Styles,Adore You,2019
773,Het Goede Doel,Belgie,1982
774,The Blue Nile,Tinseltown In The Rain,1984
775,Red Hot Chili Peppers,Dark Necessities,2016
776,Queen,Fat Bottomed Girls,1978
777,The Chainsmokers & Coldplay,Something Just Like This,2017
778,Coldplay,Everglow,2015
779,"Crosby, Stills, Nash & Young",Teach Your Children,1970
780,Daniël Lohues,Prachtig Mooie Dag,2011
781,The Black Eyed Peas,Where Is The Love,2003
782,The Cure,Friday I'm In Love,1992
783,David Bowie,Lazarus,2016
784,Imagine Dragons,Natural,2018
785,David Bowie,China Girl,1983
786,Paul Simon,You Can Call Me Al,1986
787,Tears For Fears & Oleta Adams,Woman In Chains,1989
788,Kensington,Riddles,2015
789,Typhoon,Zandloper,2014
790,Marco Borsato,Rood,2006
791,David Guetta & Sia,Titanium,2011
792,The Prodigy,Firestarter,1996
793,Elvis Costello,I Want You,1986
794,Guus Meeuwis & Vagant,Het Is Een Nacht... (Levensecht),1995
795,Rowwen Hèze,Auto Vliegtuug,1999
796,One Direction,Story Of My Life,2013
797,Damien Rice,9 Crimes,2006
798,Robbie Williams,Let Me Entertain You,1998
799,U2,All I Want Is You,1988
800,Nazareth,Love Hurts,1976
801,Sting,Shape Of My Heart,1993
802,Lou Reed,Walk On The Wild Side,1973
803,Robbie Williams,Mr. Bojangles,2001
804,Mark Knopfler,What It Is,2000
805,The Beatles,The Long And Winding Road,1970
806,Madonna,Like A Prayer,1989
807,Shocking Blue,Venus,1969
808,Rowwen Hèze,De Neus Umhoeg,1995
809,Radiohead,Exit Music (For A Film),1997
810,Skunk Anansie,Weak,1995
811,Red Hot Chili Peppers,Road Trippin',2000
812,De Dijk,Binnen Zonder Kloppen,1985
813,Bronski Beat,Smalltown Boy,1984
814,Talking Heads,Once In A Lifetime,1981
815,ABBA,Take A Chance On Me,1977
816,Krezip,Lost Without You,2019
817,Fischer-Z,So Long,1980
818,Bløf,Mooie Dag,2002
819,Joe Jackson,Be My Number Two,1984
820,Rowwen Hèze,Vlinder,2003
821,Lenny Kravitz,Let Love Rule,1989
822,Gilbert O'Sullivan,Nothing Rhymed,1971
823,Marillion,Lavender,1985
824,Crowded House,Don't Dream It's Over,1987
825,Joe Jackson,Real Men,1982
826,Lisa Lois,Hallelujah,2009
827,Genesis,Follow You Follow Me,1978
828,ABBA,Voulez-Vous,1979
829,Racoon,No Mercy,2011
830,Coolio,Gangsta's Paradise,1995
831,The Police,Every Little Thing She Does Is Magic,1981
832,Chris Stapleton,Tennessee Whiskey,2015
833,Bruce Springsteen,The Rising,2002
834,ABBA,I Have A Dream,1979
835,Elton John,Candle In The Wind 1997,1997
836,Barry White,"You're The First, The Last, My Everything",1974
837,The Jimi Hendrix Experience,Little Wing,1967
838,"Earth, Wind & Fire",Boogie Wonderland,1979
839,ABBA,"Knowing Me, Knowing You",1977
840,Mike Oldfield,Tubular Bells,1974
841,The Rolling Stones,She's A Rainbow,1967
842,David Bowie & Mick Jagger,Dancing In The Street,1985
843,Amy MacDonald,This Is The Life,2008
844,UB40,Kingston Town,1990
845,Queen,You're My Best Friend,1976
846,Lauren Daigle,You Say,2019
847,Beastie Boys,Sabotage,1994
848,Peter Schilling,Major Tom (Völlig Losgelöst),1983
849,The Rolling Stones,Start Me Up,1981
850,Within Temptation,Stand My Ground,2004
851,Fish,A Gentleman's Excuse Me,1990
852,Phil Collins & Philip Bailey,Easy Lover,1985
853,Genesis,Land Of Confusion,1986
854,Bruce Springsteen,Glory Days,1985
855,De Poema's,Mijn Houten Hart,1999
856,Mariah Carey,All I Want For Christmas Is You,1994
857,Prince & The Revolution,Raspberry Beret,1985
858,Édith Piaf,Non Je Ne Regrette Rien,1961
859,Golden Earrings,Just A Little Bit Of Peace In My Heart,1968
860,Doe Maar,Belle Helene,1982
861,Franz Ferdinand,Take Me Out,2003
862,Talk Talk,It's My Life,1984
863,The Beatles,Norwegian Wood,1965
864,David Bowie,Wild Is The Wind,1976
865,Blondie,Denis,1978
866,Depeche Mode,Personal Jesus,1990
867,Train,Drops Of Jupiter (Tell Me),2001
868,U2,Ordinary Love,2013
869,The Jimi Hendrix Experience,Voodoo Child (Slight Return),1968
870,Mike Oldfield & Maggie Reilly,Moonlight Shadow,1983
871,The Beatles,Help!,1965
872,Supertramp,Breakfast In America,1979
873,Green Day,Good Riddance (Time Of Your Life),1997
874,Ilse DeLange,Miracle,2009
875,Andrea Bocelli,Con Te Partiro,1996
876,David Bowie,Sound And Vision,1977
877,Opus,Live Is Life,1985
878,Red Hot Chili Peppers,Give It Away,1992
879,Tiësto,Traffic,2003
880,Yes,Owner Of A Lonely Heart,1983
881,Joe Cocker,Unchain My Heart,1987
882,Eminem,Without Me,2002
883,Nick Cave & Kylie Minogue,Where The Wild Roses Grow,1995
884,4 Non Blondes,What's Up,1993
885,Offspring,Self Esteem,1995
886,ABBA,Fernando,1975
887,The Smiths,There Is a Light That Never Goes Out,1986
888,The Rolling Stones,Brown Sugar,1971
889,Paul Simon,Diamonds On The Soles Of Her Shoes,1986
890,The Beatles,The Fool On The Hill,1967
891,Roxette,Listen To Your Heart,1989
892,Dolly Parton,I Will Always Love You,1983
893,The Doobie Brothers,Listen To The Music,1972
894,Arctic Monkeys,When The Sun Goes Down,2006
895,Cockney Rebel,Sebastian,1973
896,Doe Maar,De Bom,1982
897,Tavares,Heaven Must Be Missing An Angel,1976
898,The Jimi Hendrix Experience,The Wind Cries Mary,1967
899,Dexy's Midnight Runners,Come On Eileen,1982
900,Nena & Kim Wilde,"Anyplace, Anywhere, Anytime",2003
901,Ben E. King,Stand By Me,1987
902,Diggy Dex,De Zon Op,2018
903,"Crosby, Stills, Nash & Young",Almost Cut My Hair,1970
904,Racoon,Liverpool Rain,2012
905,Nickelback,How You Remind Me,2001
906,Chi Coltrane,Go Like Elijah,1973
907,Chicago,If You Leave Me Now,1976
908,The Killers,Human,2008
909,Red Hot Chili Peppers,Can't Stop,2002
910,Metallica,The Unforgiven II,1997
911,Bastille,Pompeii,2013
912,Kings Of Leon,Use Somebody,2008
913,Bill Withers,Lovely Day,1978
914,Eros Ramazzotti,Musica È,1989
915,Frank Sinatra,That's Life,1966
916,Paul McCartney & Wings,Band On The Run,1974
917,The Prodigy,Smack My Bitch Up,1997
918,The Smashing Pumpkins,Disarm,1993
919,Imagine Dragons,Whatever It Takes,2017
920,Depeche Mode,Just Can't Get Enough (Live),1985
921,Phil Collins,Can't Stop Loving You,2002
922,Creedence Clearwater Revival,Suzie Q,1968
923,Alice Cooper,How You Gonna See Me Now,1979
924,Blur,Song 2,1997
925,Bon Jovi,You Give Love A Bad Name,1986
926,Michael Kiwanuka,Love And Hate,2016
927,Bløf,Blauwe Ruis,2002
928,The Rolling Stones,Waiting On A Friend,1981
929,Prince & The Revolution,I Would Die 4 U,1984
930,Bruce Springsteen,Trapped (Live),1985
931,Di-rect,Devil Don't Care,2019
932,Creedence Clearwater Revival,I Heard It Through The Grapevine,1973
933,Imagine Dragons,Thunder,2017
934,Duran Duran,Ordinary World,1993
935,The Cure,Boys Don't Cry,1986
936,Anouk,One Word,2005
937,Coldplay,Trouble,2000
938,Chris de Burgh,The Lady In Red,1986
939,Talk Talk,Life's What You Make It,1985
940,Dire Straits,On Every Street,1991
941,Stromae,Alors On Danse,2010
942,Muse,Unintended,2009
943,Status Quo,Down Down,1975
944,Mark Knopfler & James Taylor,Sailing To Philadelphia,2000
945,De Kast,In Nije Dei,1997
946,Wham!,Wake Me Up Before You Go Go,1984
947,Acda & De Munnik,Als Het Vuur Gedoofd Is,1997
948,Enya,Only Time,2000
949,Venice,The Family Tree,1999
950,Stone Temple Pilots,Plush,1993
951,Leonard Cohen,You Want It Darker,2016
952,Michael Jackson,The Way You Make Me Feel,1987
953,Simple Minds,New Gold Dream (81-82-83-84),1982
954,Bruce Springsteen,Jungleland,1975
955,Leonard Cohen,Take This Waltz,1988
956,John Hiatt,Have A Little Faith In Me,1989
957,Soft Cell,Tainted Love,1981
958,Lewis Capaldi,Before You Go,2019
959,Elbow,Lippy Kids,2011
960,The Rolling Stones,Fool To Cry,1976
961,Counting Crows,Mr. Jones,1994
962,Supertramp,Crime Of The Century,1974
963,ABBA,One Of Us,1981
964,The Rolling Stones,Miss You,1978
965,Bob Dylan,The Times They Are A-Changin',1964
966,Manic Street Preachers,If You Tolerate This Your Children Will Be Next,1998
967,Simon & Garfunkel,Scarborough Fair,1966
968,Acda & De Munnik,De Kapitein Deel II,2000
969,Queen,Bicycle Race,1978
970,Adele,Hometown Glory,2009
971,Whitney Houston,I Wanna Dance With Somebody (Who Loves Me),1987
972,Ten Sharp,You,1991
973,Queen,Breakthru,1989
974,Normaal,Alie,1977
975,David Bowie,Ashes To Ashes,1980
976,Manic Street Preachers,Motorcycle Emptiness,1992
977,Bruce Springsteen,Jersey Girl (Live),1986
978,Sade,Smooth Operator,1984
979,Moby,Porcelain,1999
980,Doe Maar,Smoorverliefd,1981
981,ABBA,Super Trouper,1980
982,George Michael & Aretha Franklin,I Knew You Were Waiting (For Me),1987
983,R.E.M.,It's The End Of The World As We Know It,1987
984,Madness,Night Boat To Cairo,1980
985,Backstreet Boys,I Want It That Way,1999
986,Queen,Tie Your Mother Down,1977
987,Elton John,Goodbye Yellow Brick Road,1973
988,George Michael,Killer / Papa Was A Rollin' Stone,1993
989,Marvin Gaye,Sexual Healing,1982
990,Paul Weller,You Do Something To Me,1995
991,Ed Sheeran,Photograph,2015
992,Nick & Simon,Pak Maar M'n Hand,2007
993,Killing Joke,Love Like Blood,1985
994,BAP,Kristallnaach,1983
995,Steppenwolf,Born To Be Wild,1968
996,Rufus Wainwright,Going To A Town,2007
997,Carole King,You've Got A Friend,1971
998,Guns N' Roses,Civil War,1990
999,Twenty One Pilots,Stressed Out,2016
1000,REO Speedwagon,Keep On Loving You,1981
1001,Post Malone,Circles,2019
1002,U2,Running To Stand Still,1987
1003,Prince & The Revolution,Kiss,1986
1004,Joe Cocker,You Can Leave Your Hat On,1986
1005,Etta James,At Last,1960
1006,The Doors,People Are Strange,1967
1007,Red Hot Chili Peppers,Dani California,2006
1008,Carly Simon,You're So Vain,1973
1009,Nielson,IJskoud,2018
1010,John Mayer,Free Fallin' (Live),2008
1011,ZZ Top,Gimme All Your Lovin',1984
1012,Paul De Leeuw & André Hazes,Droomland,1993
1013,Korn,Freak On A Leash,1998
1014,Eminem,Real Slim Shady,2000
1015,Herman van Veen,Suzanne,1969
1016,"Emerson, Lake & Palmer",Peter Gunn Theme,1980
1017,Radiohead,No Surprises,1997
1018,Bee Gees,Words,1968
1019,No Doubt,Don't Speak,1996
1020,Blues Brothers,Everybody Needs Somebody To Love,1989
1021,Prince,Let's Go Crazy,1984
1022,The Beatles,Sgt. Pepper’s Lonely Hearts Club Band,1967
1023,Genesis,Jesus He Knows Me,1992
1024,The Teskey Brothers,Pain And Misery,2019
1025,Tino Martin,Zij Weet Het,2019
1026,Clouseau,Daar Gaat Ze,1990
1027,Donna Summer,State Of Independence,1982
1028,Coldplay,Magic,2014
1029,Kensington,Bridges,2017
1030,Gladys Knight & The Pips,Midnight Train To Georgia,1973
1031,Bruce Springsteen,Waiting On A Sunny Day,2003
1032,Simply Red,If You Don't Know Me By Now,1989
1033,Dire Straits,Your Latest Trick,1985
1034,Roxette,It Must Have Been Love,1990
1035,Marianne Rosenberg,Ich Bin Wie Du,1976
1036,Sting,Russians,1985
1037,Pearl Jam,Better Man,1994
1038,Simon & Garfunkel,Cecilia,1970
1039,Nirvana,Heart-Shaped Box,1993
1040,Jethro Tull,Locomotive Breath,1972
1041,Carpenters,Top Of The World,1973
1042,Elvis Presley,I Just Can't Help Believin',1971
1043,Keane,Bedshaped,2004
1044,Pink Floyd,One Of These Days,1971
1045,ZZ Top,Sharp Dressed Man,1985
1046,Creedence Clearwater Revival,Proud Mary,1969
1047,Enya,Orinoco Flow (Sail Away),1988
1048,David Bowie,Absolute Beginners,1986
1049,Chuck Berry,Johnny B. Goode,1958
1050,Queens Of The Stone Age,Go With The Flow,2003
1051,Meat Loaf,You Took The Words Right Out Of My Mouth,1979
1052,Michael Kiwanuka,Home Again,2012
1053,Ozzy Osbourne,No More Tears,1990
1054,The Cure,Close To Me,1985
1055,De Dijk,Onderuit,1987
1056,The War On Drugs,Red Eyes,2013
1057,The Cats,Marian,1969
1058,Donna Summer,MacArthur Park,1978
1059,Macklemore & Ryan Lewis ft. Ray Dalton,Can't Hold Us,2012
1060,Adele,Chasing Pavements,2008
1061,Elvis Presley,Burning Love,1972
1062,Cyndi Lauper,True Colors,1986
1063,The Black Keys,Lonely Boy,2011
1064,Van Halen,Why Can't This Be Love,1987
1065,Youp van 't Hek,Flappie,1981
1066,Zucchero,Il Volo,1996
1067,Amy Winehouse,Tears Dry On Their Own,2007
1068,The Police,Don't Stand So Close To Me,1980
1069,Spandau Ballet,Gold,1983
1070,Gigi D'agostino,L'amour Toujours,2001
1071,Nirvana,About A Girl (Unplugged),1993
1072,The Clash,London Calling,1979
1073,Veldhuis & Kemper,Ik Wou Dat Ik Jou Was,2003
1074,Robert Long,Flink Zijn,1977
1075,Live,The Dolphin's Cry,1999
1076,Anouk,Girl,2004
1077,Danny Vera,The Devil's Son,2013
1078,Midnight Oil,Beds Are Burning,1988
1079,Drs. P,Dodenrit,1974
1080,Phil Collins,I Wish It Would Rain Down,1990
1081,Duran Duran,The Reflex,1984
1082,Tears For Fears,Shout,1985
1083,Madness,Baggy Trousers,1980
1084,Neil Diamond,September Morn',1979
1085,Skunk Anansie,Hedonism,1997
1086,Racoon,De Echte Vent,2020
1087,Keane,Everybody's Changing,2004
1088,Anouk,For Bitter Or Worse,2009
1089,Rowwen Hèze,Bestel Mar,1992
1090,First Aid Kit,My Silver Lining,2014
1091,U2 & BB King,When Love Comes To Town,1989
1092,The Beatles,Lucy In The Sky With Diamonds,1967
1093,Barbra Streisand,Woman In Love,1980
1094,Within Temptation,Faster,2011
1095,Lionel Richie,Hello,1984
1096,Guus Meeuwis,Tranen Gelachen,2007
1097,Barbra Streisand & Barry Gibb,Guilty,1980
1098,Daft Punk ft. Pharrell Williams,Get Lucky,2013
1099,Nina Simone,Feeling Good,1965
1100,Justin Timberlake,Mirrors,2013
1101,Air,All I Need,1998
1102,Bob Dylan,Knockin' On Heaven's Door,1973
1103,Temple Of The Dog,Hunger Strike,1991
1104,Spice Girls,Wannabe,1996
1105,Gé Reinders,Blaosmuziek,1999
1106,Tori Amos,Winter,1992
1107,The Beatles,Get Back,1969
1108,Supertramp,Goodbye Stranger,1979
1109,Michael Andrews ft. Gary Jules,Mad World,2003
1110,Dotan,Home,2014
1111,Paul Simon,50 Ways To Leave Your Lover,1976
1112,Mr. Probz,Waves,2013
1113,Fleetwood Mac,Oh Well,1969
1114,Marc Cohn,Walking In Memphis,1991
1115,Stevie Wonder,Isn't She Lovely,1976
1116,John Farnham,You're The Voice,1987
1117,Bløf,Wat Zou Je Doen,1998
1118,The Moody Blues,Question,1970
1119,Matthias Reim,Verdammt Ich Lieb' Dich,1990
1120,Eagles,Tequila Sunrise,1973
1121,Muse,Time Is Running Out,2003
1122,Led Zeppelin,Since I’ve Been Loving You,1970
1123,Janis Joplin,Mercedes Benz,1970
1124,Doe Maar,Is Dit Alles,1982
1125,Yann Tiersen,"Comptine D'un Autre Ete, L'Apres Midi (Amelie)",2001
1126,The Who,Pinball Wizard,1969
1127,Coldplay,Christmas Lights,2010
1128,Kansas,Carry On Wayward Son,1976
1129,Sniff 'n The Tears,Driver's Seat,1980
1130,George Michael,Praying For Time,1990
1131,Johnny Cash,San Quentin,1969
1132,Simple Minds,Someone Somewhere In Summertime,1982
1133,Kodaline,All I Want,2012
1134,Marco Borsato,Mooi,2015
1135,Coldplay,Adventure Of A Lifetime,2015
1136,The Beatles,Michelle,1966
1137,Eros Ramazzotti & Tina Turner,Cose Della Vita,1998
1138,Dire Straits,Why Worry,1995
1139,Scorpions,Send Me An Angel,1991
1140,Queen,'39,1975
1141,The Smashing Pumpkins,1979,1996
1142,Status Quo,Rockin' All Over The World,1977
1143,Bon Jovi,Wanted (Dead Or Alive),1987
1144,The Trammps,Disco Inferno,1977
1145,Kraftwerk,Autobahn,1975
1146,John Denver,Calypso,1975
1147,Talking Heads,Road To Nowhere,1985
1148,Boudewijn de Groot,Het Land Van Maas En Waal,1967
1149,Tones and I,Dance Monkey,2019
1150,Roxy Music,Avalon,1982
1151,Joni Mitchell,Both Sides Now,1968
1152,Emma Heesters & Rolf Sanchez,Pa Olvidarte,2019
1153,Stef Bos,Ik Heb Je Lief,1992
1154,Bee Gees,Massachusetts,1967
1155,DJ Paul Elstak,Luv U More,1995
1156,The Black Crowes,Remedy,1992
1157,Moby,Why Does My Heart Feel So Bad,1999
1158,Rush,Spirit Of Radio,1980
1159,Amy Winehouse,Love Is A Losing Game,2007
1160,David Bowie & Pat Metheny Group,This Is Not America,1985
1161,Christina Aguilera,Hurt,2006
1162,Phil Collins,You Can't Hurry Love,1982
1163,David Bowie,Ziggy Stardust,1972
1164,The Rolling Stones,Ruby Tuesday,1967
1165,Foo Fighters,Times Like These,2003
1166,Meat Loaf,Two Out Of Three Ain't Bad,1977
1167,De Dijk,Als Het Golft,2000
1168,Bee Gees,Tragedy,1979
1169,Sam Cooke,A Change Is Gonna Come,1964
1170,Typhoon,Hemel Valt,2015
1171,Sugarhill Gang,﻿Rapper's Delight,1979
1172,Bryan Adams,Run To You,1985
1173,Alannah Myles,Black Velvet,1990
1174,Iggy Pop & Kate Pierson,Candy,1990
1175,Split Enz,Message To My Girl,1984
1176,Creedence Clearwater Revival,Long As I Can See The Light,1970
1177,Racoon,Shoes Of Lightning,2013
1178,The Jimi Hendrix Experience,Purple Haze,1967
1179,Neil Young,Harvest Moon,1991
1180,Ilse DeLange,So Incredible,2008
1181,De Dijk,Nergens Goed Voor,1989
1182,Paolo Conte,Max,1988
1183,Katie Melua,Nine Million Bicycles,2005
1184,Herman van Veen,Hilversum 3,1984
1185,De Jeugd Van Tegenwoordig,Watskeburt,2005
1186,Foo Fighters,Best Of You,2005
1187,Lucifer,House For Sale,1975
1188,Lee Towers,You'll Never Walk Alone,1976
1189,Les Poppys,Non Non Rien n'a Changé,1971
1190,B.B. King,The Thrill Is Gone,1969
1191,Herman van Veen,Anne,1986
1192,Michael Bublé,Feeling Good,2005
1193,John Denver & Placido Domingo,Perhaps Love,1981
1194,Michael Jackson,Human Nature,1983
1195,Snow Patrol,Just Say Yes,2009
1196,Michael Jackson,Don't Stop 'Til You Get Enough,1979
1197,Crowded House,Four Seasons In One Day,1992
1198,Pat Benatar,Love Is A Battlefield,1984
1199,Tom Waits,Tom Traubert's Blues (Waltzing Mathilda),1976
1200,Melanie,Beautiful People,1969
1201,Little River Band,It's A Long Way There,1976
1202,Limp Bizkit,Behind Blue Eyes,2004
1203,The Smiths,Bigmouth Strikes Again,1986
1204,David Bowie,Golden Years,1976
1205,Editors,Munich,2005
1206,Queen,Thank God It's Christmas,1984
1207,Queen,Spread Your Wings,1978
1208,Lenny Kravitz,Are You Gonna Go My Way,1993
1209,André Hazes,'n Beetje Verliefd,1981
1210,Thin Lizzy,Whisky In The Jar,1973
1211,Alain Clark,Father & Friend,2008
1212,Miss Montreal,Een Stap Terug,2019
1213,Adele,Turning Tables,2011
1214,Green Day,21 Guns,2009
1215,Céline Dion,My Heart Will Go On,1998
1216,Iron Butterfly,In A Gadda Da Vida,1970
1217,Kensington,All For Nothing,2014
1218,The Opposites,Slapeloze Nachten,2013
1219,Stevie Ray Vaughan,Pride And Joy,1983
1220,The Cranberries,Ode To My Family,1994
1221,Creedence Clearwater Revival,Down On The Corner,1969
1222,Kirsty Maccoll & Pogues,Fairytale Of New York,1987
1223,Doe Maar,Nederwiet,1983
1224,George Michael & Mary J. Blige,As,1999
1225,Cock Robin,The Promise You Made,1986
1226,Eric Clapton,Cocaine,1978
1227,Marco Borsato,Afscheid Nemen Bestaat Niet,2003
1228,Dr. Dre ft. Snoop Dogg,The Next Episode,2000
1229,Golden Earring,She Flies On Strange Wings,1971
1230,Mr. Mister,Broken Wings,1986
1231,Toto,Pamela,1988
1232,Muse,Resistance,2009
1233,Muse,Madness,2012
1234,Tracy Chapman,Baby Can I Hold You,1988
1235,Dave Brubeck Quartet,Take Five,1962
1236,Arctic Monkeys,Fluorescent Adolescent,2007
1237,Roy Orbison,In Dreams,1963
1238,Bob Marley & The Wailers,One Love - People Get Ready,1984
1239,U2 & Green Day,The Saints Are Coming,2006
1240,Van Morrison,Moondance,1970
1241,Alanis Morissette,You Oughta Know,1996
1242,James Taylor,You've Got A Friend,1971
1243,Peter Gabriel,Sledgehammer,1986
1244,Alice Cooper,School's Out,1972
1245,Elvis Presley,Love Me Tender,1956
1246,Coldplay,Hymn For The Weekend,2015
1247,Ed Sheeran,Supermarket Flowers,2017
1248,Faith No More,Epic,1989
1249,Heart,Barracuda,1977
1250,Radiohead,Fake Plastic Trees,1995
1251,Barbra Streisand,Memory,1982
1252,Vandenberg,Burning Heart,1983
1253,Madonna,Frozen,1998
1254,3 Doors Down,Here Without You,2004
1255,The Rolling Stones,Jumpin' Jack Flash,1968
1256,Stealers Wheel,Stuck In The Middle With You,1973
1257,Creedence Clearwater Revival,Born On The Bayou,1972
1258,The War On Drugs,Pain,2017
1259,Frank Sinatra,Theme From 'New York New York',1980
1260,Marvin Gaye,I Heard It Through The Grapevine,1969
1261,Marco Borsato,Zij,2002
1262,The Doors,Roadhouse Blues,1970
1263,ABBA,S.O.S.,1975
1264,Level 42,Lessons In Love,1986
1265,Robert Miles,Children,1996
1266,Anouk,Jerusalem,2005
1267,Queen,Friends Will Be Friends,1986
1268,Duran Duran,Save A Prayer,1985
1269,Ike & Tina Turner,Nutbush City Limits,1974
1270,Valensia,Gaia,1993
1271,Elton John & Kiki Dee,Don't Go Breaking My Heart,1976
1272,Paul McCartney & Wings,Mull Of Kintyre,1977
1273,David Bowie,The Man Who Sold The World,1970
1274,Bob Marley & The Wailers,Stir It Up (live),1979
1275,Fugees,Killing Me Softly,1996
1276,The Rolling Stones,Honky Tonk Women,1969
1277,Paul Kalkbrenner,Sky And Sand,2008
1278,The Bangles,Eternal Flame,1989
1279,The Cats,Scarlet Ribbons,1969
1280,Guus Meeuwis,De Weg,2005
1281,De Dijk,Kan Ik Iets Voor Je Doen?,2011
1282,Caro Emerald,A Night Like This,2009
1283,Kim Wilde,Cambodia,1981
1284,Marco Borsato,De Bestemming,1998
1285,John Mayer,New Light,2018
1286,Portishead,Glory Box,1994
1287,Peter Gabriel,Biko,1980
1288,Anouk & Douwe Bob,Hold Me,2014
1289,Keane,Bend And Break,2005
1290,Janis Ian,At Seventeen,1975
1291,Imagine Dragons,Bad Liar,2018
1292,The Police,Walking On The Moon,1979
1293,House Of Pain,Jump Around,1992
1294,Brian May,Too Much Love Will Kill You,1992
1295,R.E.M.,Shiny Happy People,1991
1296,R.E.M.,Drive,1992
1297,The Dubliners,The Wild Rover,1964
1298,Eminem,Cleanin' Out My Closet,2002
1299,Snowy White,Bird Of Paradise,1984
1300,Clannad & Bono,In A Lifetime,1986
1301,The Beatles,All You Need Is Love,1967
1302,2Pac,Dear Mama,1998
1303,Toto,Mushanga,1988
1304,Ilse DeLange,I'm Not So Tough,1998
1305,Nick & Simon,Kijk Omhoog,2007
1306,The Communards & Sarah Jane Morris,Don't Leave Me This Way,1986
1307,Earth & Fire,Storm And Thunder,1971
1308,Queen,One Vision,1985
1309,Blondie,Heart Of Glass,1979
1310,Pearl Jam,Daughter,1993
1311,Bløf,Alles Is Liefde,2007
1312,Bökkers,Iederene Hef Een Reden,2016
1313,Laura Pausini,La Solitudine,1993
1314,Alderliefste & Paul de Leeuw,Une Belle Histoire/Een Mooi Verhaal,2006
1315,Muse,Undisclosed Desires,2009
1316,Cuby & the Blizzards,Somebody Will Know Someday,1967
1317,Snow Patrol,Shut Your Eyes,2007
1318,Bløf,Aanzoek Zonder Ringen,2006
1319,Stevie Wonder,I Wish,1977
1320,Nits,Nescio,1983
1321,Barry Ryan,Eloise,1968
1322,Lady Gaga,Bad Romance,2009
1323,Mike & The Mechanics,The Living Years,1989
1324,Traveling Wilburys,Handle With Care,1988
1325,Queen,Heaven For Everyone,1995
1326,Mumford & Sons,Lover Of The Light,2012
1327,Bush,Glycerine,1994
1328,Crowded House,Weather With You,1991
1329,Mud,Dynamite,1974
1330,Neil Diamond,Love On The Rocks,1980
1331,Marco Borsato,Ik Leef Niet Meer Voor Jou,1996
1332,Foreigner,Cold As Ice,1977
1333,Danny Vera,The Weight,2020
1334,Green Day,Holiday,2005
1335,Editors,The Racing Rats,2008
1336,Willie Nelson,Always On My Mind,1984
1337,Robert Plant,Big Log,1983
1338,Stromae,Tous Les Memes,2013
1339,Heart,Crazy On You,1976
1340,Billy Joel,We Didn't Start The Fire,1989
1341,Band Aid,Do They Know It's Christmas,1984
1342,Coldplay,Talk,2005
1343,R.E.M.,The One I Love,1991
1344,Ralph McTell,Streets Of London,1972
1345,Ramses Shaffy,Sammy,1966
1346,Janis Joplin,Cry Baby,1971
1347,Kensington,What Lies Ahead,2019
1348,Toontje Lager,Stiekem Gedanst,1983
1349,The Killers,Somebody Told Me,2004
1350,Ben Howard,Keep Your Head Up,2011
1351,Talk Talk,Living In Another World,1986
1352,David Bowie,Changes,1971
1353,Jeff Wayne & Justin Hayward,The Eve Of The War,1978
1354,Wham!,Club Tropicana,1983
1355,The Fray,How To Save A Life,2007
1356,André Hazes,Het Laatste Rondje,1984
1357,Otis Redding,I've Got Dreams To Remember,1968
1358,Martin Garrix,Animals,2013
1359,Anouk,Three Days In A Row,2009
1360,The Hollies,The Air That I Breathe,1974
1361,Avicii,Addicted To You,2014
1362,The Shadows,Apache,1960
1363,Rammstein,Amerika,2004
1364,Billy Joel,New York State Of Mind,1976
1365,Queen,You Don't Fool Me,1996
1366,Blink-182,All The Small Things,1999
1367,UB40,Food For Thought,1983
1368,Thin Lizzy,The Boys Are Back In Town,1976
1369,Tom Petty,Free Fallin',1989
1370,Bruce Springsteen,Hungry Heart,1980
1371,Run DMC & Aerosmith,Walk This Way,1986
1372,Armin van Buuren ft. Josh Cumbee,Sunny Days,2017
1373,The Babys,Everytime I Think Of You,1979
1374,Whitney Houston,One Moment In Time,1988
1375,Joe Cocker,N'Oubliez Jamais,1997
1376,P!nk,Dear Mr President,2006
1377,Coldplay,Everyday Life,2019
1378,Nina Simone,My Baby Just Cares For Me,1987
1379,Dire Straits,So Far Away,1985
1380,Electric Light Orchestra,Don't Bring Me Down,1979
1381,White Lies,Farewell To The Fairground,2009
1382,Bill Withers,Lean On Me,1972
1383,Avicii ft. Chris Martin,Heaven,2019
1384,Florence + The Machine,Dog Days Are Over,2009
1385,Céline Dion & Barbra Streisand,Tell Him,1997
1386,Het Goede Doel,Vriendschap,1983
1387,Bob Marley & The Wailers,Is This Love,1979
1388,Madonna,Vogue,1990
1389,Roy Orbison,"Oh, Pretty Woman",1964
1390,The Beatles,When I'm Sixty-Four,1967
1391,Seal,Crazy,1991
1392,Armand,Ben Ik Te Min,1967
1393,ABBA,The Name Of The Game,1977
1394,Bon Jovi,In These Arms,1993
1395,Fleetwood Mac,Big Love,1987
1396,The Script ft. Will.I.Am,Hall Of Fame,2012
1397,Coldplay,Speed Of Sound,2005
1398,Bee Gees,Night Fever,1978
1399,Michel Sardou,Les Lacs Du Connemara,1982
1400,The Hollies,"He Ain't Heavy, He's My Brother",1969
1401,3JS,Watermensen,2008
1402,R.E.M.,Find The River,1992
1403,George Harrison,My Sweet Lord,1970
1404,Ella Fitzgerald & Louis Armstrong,Summertime,1958
1405,The Script,If You Could See Me Now,2013
1406,Xavier Rudd,Follow The Sun,2015
1407,Ronan Keating,When You Say Nothing At All,1999
1408,The Rolling Stones,As Tears Go By,1966
1409,Beth Hart,L.A. Song,1999
1410,John Mayer,Waiting On The World To Change,2006
1411,Steve Harley & Cockney Rebel,Make Me Smile (Come Up And See Me),1975
1412,Alan Walker,Faded,2016
1413,Guus Meeuwis,'t Dondert En 't Bliksemt,1998
1414,Metallica,The Unforgiven III,2008
1415,Rod Stewart,Maggie May,1971
1416,Etta James,I'd Rather Go Blind,1967
1417,André Hazes,'n Vriend,1980
1418,Marvin Gaye & Tammi Terrell,Ain't No Mountain High Enough,1967
1419,Imagine Dragons,On Top Of The World,2013
1420,Therapy?,Diane,1995
1421,Placebo,Pure Morning,1998
1422,Prince,The Cross,1987
1423,Tears For Fears,Sowing The Seeds Of Love,1989
1424,Foo Fighters,All My Life,2002
1425,Kensington,Home Again,2012
1426,Bee Gees,More Than A Woman,1977
1427,U2,Vertigo,2004
1428,The Doobie Brothers,What A Fool Believes,1978
1429,James Taylor,Fire And Rain,1970
1430,U2,Stuck In A Moment You Can't Get Out Of,2000
1431,Pulp,Common People,1995
1432,Golden Earring,Back Home,1970
1433,Electric Light Orchestra,Livin' Thing,1976
1434,Beastie Boys,Fight For Your Right (To Party),1986
1435,P!nk,Raise Your Glass,2010
1436,The Beatles,In My Life,1965
1437,The Who,"See Me, Feel Me",1970
1438,Faithless,We Come 1,2001
1439,Paul McCartney & Frog Chorus,We All Stand Together,1985
1440,Panic! At The Disco,High Hopes,2018
1441,Johnny Cash,A Thing Called Love,1972
1442,Jenny Arean & Frans Halsema,Vluchten Kan Niet Meer,1977
1443,Extreme,More Than Words,1991
1444,Led Zeppelin,Dazed And Confused,1969
1445,U2,City Of Blinding Lights,2005
1446,Bruno Mars,When I Was Your Man,2013
1447,Stevie Wonder,Sir Duke,1977
1448,The Rolling Stones,Lady Jane,1966
1449,Status Quo,In The Army Now,1986
1450,KISS,Sure Know Something,1979
1451,The Clash,Should I Stay Or Should I Go?,1991
1452,Simply Red,Stars,1991
1453,Tom Petty & The Heartbreakers,Mary Jane's Last Dance,1993
1454,Ramses Shaffy,Wij Zullen Doorgaan,1975
1455,Ed Sheeran,Happier,2017
1456,Foster The People,Pumped Up Kicks,2011
1457,Claw Boys Claw,Rosie,1992
1458,The Who,Overture (Tommy),1969
1459,Billy Joel,Uptown Girl,1983
1460,Anouk,R U Kiddin' Me,1999
1461,Live,Run To The Water,2000
1462,Nirvana,In Bloom,1991
1463,George Ezra,Shotgun,2018
1464,Ilse DeLange,World Of Hurt,1998
1465,Chic,Le Freak,1978
1466,Jean Michel Jarre,Oxygene IV,1977
1467,J.J. Cale,After Midnight,1972
1468,Loreen,Euphoria,2012
1469,Elton John,Can You Feel The Love Tonight,1994
1470,The Beatles,She's Leaving Home,1967
1471,Owl City,Fireflies,2009
1472,Van Halen,Panama,1984
1473,Dan Hartman,Relight My Fire,1980
1474,Smash Mouth,All Star,1999
1475,Fleetwood Mac,Seven Wonders,1987
1476,Red Hot Chili Peppers,By The Way,2002
1477,André Hazes,Het Is Koud Zonder Jou,1980
1478,Eminem & Rihanna,The Monster,2013
1479,John Denver,Thank God I'm A Country Boy,1975
1480,Frank Boeijen Groep,Hier Komt De Storm,1988
1481,Darude,Sandstorm,2001
1482,Tina Turner,What's Love Got To Do With It,1984
1483,Dua Lipa,Don't Start Now,2019
1484,Tom Petty & The Heartbreakers,Learning To Fly,1991
1485,Stevie Wonder,Master Blaster (Jammin'),1980
1486,Boney M.,Rivers Of Babylon,1978
1487,Adele,Water Under The Bridge,2016
1488,Sex Pistols,God Save The Queen,1979
1489,George Michael,You Have Been Loved,1997
1490,The Beatles,Yellow Submarine,1966
1491,The Prodigy,No Good (Start The Dance),1994
1492,Coldplay,Every Teardrop Is A Waterfall,2011
1493,Queen,Save Me,1980
1494,Daft Punk,One More Time,2000
1495,Guns N' Roses,Live And Let Die,1991
1496,Jason Mraz,I'm Yours,2008
1497,Hans de Booij,Annabel,1983
1498,Earth & Fire,Memories,1972
1499,Kanye West & Jay-Z,Niggas In Paris,2011
1500,Ten Years After,I'm Going Home,1971
1501,Milow,You Don't Know,2007
1502,Billy Joel,Scenes From An Italian Restaurant,1977
1503,Bruce Springsteen,Human Touch,1992
1504,Scott McKenzie,San Francisco (Be Sure To Wear Flowers In Your Hair),1967
1505,The Robert Cray Band,Right Next Door (Because Of Me),1987
1506,Rufus & Chaka Khan,Ain't Nobody,1984
1507,David Bowie,Blackstar,2015
1508,Genesis,Home By The Sea,1983
1509,Cuby & the Blizzards,Appleknockers Flophouse,1969
1510,Spider Murphy Gang,Skandal Im Sperrbezirk,1982
1511,Marco Borsato,De Waarheid,1996
1512,Sammy Davis Jr.,Mr. Bojangles,1967
1513,Bruno Mars,24K Magic,2016
1514,Eurythmics,There Must Be An Angel (Playing With My Heart),1985
1515,Yes,Roundabout,1972
1516,2Pac ft. Dr. Dre,California Love,1996
1517,Brainbox,Summertime,1969
1518,Bløf,Zaterdag,1999
1519,The Alan Parsons Project,Don't Answer Me,1984
1520,Marco Borsato & Trijntje Oosterhuis,Wereld Zonder Jou,1997
1521,Justin Timberlake,Cry Me A River,2002
1522,Deep Purple,Black Night,1970
1523,Chef'Special,Nicotine,2017
1524,Michael Jackson,Bad,1987
1525,Adele,All I Ask,2015
1526,Roberta Flack,The First Time Ever I Saw Your Face,1972
1527,Lenny Kravitz,Always On The Run,1991
1528,The Beach Boys,Sloop John B,1966
1529,Tracy Chapman,Talkin' Bout A Revolution,1988
1530,Alanis Morissette,Uninvited,1999
1531,Lionel Richie,All Night Long (All Night),1983
1532,Jacques Brel,Mijn Vlakke Land,1965
1533,Herbert Grönemeyer,Mensch,2003
1534,Matthew Wilder,Break My Stride,1984
1535,The Beatles,I Am The Walrus,1967
1536,Master KG,Jerusalema,2020
1537,The Prodigy,Breathe,1996
1538,Gilbert Bécaud,Nathalie,1964
1539,Bruce Hornsby & The Range,The Way It Is,1986
1540,Niall Horan,This Town,2016
1541,Robert Long,Kalverliefde,1974
1542,Beyoncé,Love On Top,2011
1543,Natasha Bedingfield,Unwritten,2004
1544,Fats Domino,Blueberry Hill,1957
1545,Patti Smith Group,Because The Night,1978
1546,Paul Simon,Homeless,1986
1547,Bee Gees,Spicks And Specks,1967
1548,Eddie Vedder,Guaranteed,2007
1549,Bill Medley & Jennifer Warnes,I've Had The Time Of My Life,1987
1550,Ed Sheeran,Galway Girl,2017
1551,The The,Uncertain Smile,1984
1552,The Monkees,I'm A Believer,1966
1553,Grace Jones,La Vie En Rose,1977
1554,Muddy Waters,Mannish Boy,1988
1555,Neil Young,Harvest,1972
1556,Elbow,Magnificent (She Says),2016
1557,The Rolling Stones,Under My Thumb,1966
1558,Elton John,Sorry Seems To Be The Hardest Word,1976
1559,Paul Simon,Late In The Evening,1980
1560,Arctic Monkeys,Why'd You Only Call Me When You're High?,2013
1561,Jason Mraz,I Won't Give Up,2012
1562,Jonathan Jeremiah,Happiness,2011
1563,Shawn Mendes & Camila Cabello,Señorita,2019
1564,Paul de Leeuw,Vlieg Met Me Mee (Live),1992
1565,Percy Sledge,When A Man Loves A Woman,1966
1566,Clannad,Theme From 'Harry's Game',1983
1567,Nena,Nur Geträumt,1983
1568,Alphaville,Big In Japan,1984
1569,Whitney Houston,Greatest Love Of All,1986
1570,Bee Gees,I Started A Joke,1969
1571,Sting,Moon Over Bourbon Street,1985
1572,The Doors,Love Her Madly,1971
1573,The Rolling Stones,Time Is On My Side,1965
1574,Suzanne Vega,Luka,1987
1575,Is Ook Schitterend,Voltooid Verleden Tijd,1997
1576,Gregory Porter,Liquid Spirit (Claptone Remix),2015
1577,Creedence Clearwater Revival,Lookin' Out My Back Door,1970
1578,Elton John,Daniel,1973
1579,U2,Angel Of Harlem,1988
1580,Plain White T's,Hey There Delilah,2007
1581,Nirvana,Polly,1991
1582,Elvis Presley,Are You Lonesome Tonight,1961
1583,Muse,Feeling Good,2001
1584,Kaleo,Way Down We Go,2016
1585,Beyoncé,Single Ladies (put a ring on it),2008
1586,Madonna,La Isla Bonita,1987
1587,The Human League,Don't You Want Me,1982
1588,Elvis Presley,(You're The) Devil In Disguise,1963
1589,Gorki,Mia,1992
1590,Acda & De Munnik,Mooi Liedje,1997
1591,Norah Jones,Sunrise,2004
1592,Creedence Clearwater Revival,Up Around The Bend,1970
1593,Bonnie Raitt,I Can't Make You Love Me,1991
1594,James Brown,It's A Man's Man's Man's World,1966
1595,The Gathering,Strange Machines,1996
1596,Michael Jackson,Off The Wall,1979
1597,Ellen Foley,We Belong To The Night,1979
1598,Herman Brood & His Wild Romance,Still Believe,1978
1599,Chicago,25 Or 6 To 4,1970
1600,OutKast,Hey Ya!,2004
1601,J.J. Cale,Cocaine,1976
1602,Otis Redding,Try A Little Tenderness,1966
1603,The Doors,Break On Through (To The Other Side),1967
1604,Fleetwood Mac,You Make Lovin' Fun,1978
1605,Whitney Houston,I Have Nothing,1993
1606,Bee Gees,To Love Somebody,1967
1607,Roger Glover & Guests,Love Is All,1975
1608,The Moody Blues,Tuesday Afternoon,1968
1609,Beyoncé,Run The World (Girls),2011
1610,Labi Siffre,(Something Inside) So Strong,1987
1611,Davina Michelle,Skyward,2019
1612,Cheap Trick,I Want You To Want Me,1979
1613,Paul Young,Love Of The Common People,1984
1614,Lady Gaga,Poker Face,2009
1615,The Rolling Stones,Midnight Rambler,1969
1616,Manu Chao,Me Gustas Tu,2001
1617,Tina Turner,We Don't Need Another Hero,1985
1618,Beth Hart & Joe Bonamassa,Why Don't You Do Right?,2018
1619,The Script,Breakeven,2009
1620,Santana,Europa (Earth's Cry Heaven's Smile),1976
1621,Earth & Fire,Weekend,1979
1622,Karin Bloemen,Geen Kind Meer,1996
1623,Bee Gees,Nights On Broadway,1975
1624,J.J. Cale,Call Me The Breeze,1972
1625,George Michael,One More Try,1988
1626,Steve Miller Band,Fly Like An Eagle,1976
1627,Chris Rea,Josephine,1985
1628,Bob Marley & The Wailers,Buffalo Soldier,1983
1629,Spinvis,Bagagedrager,2002
1630,Delerium ft. Sarah McLachlan,Silence (Tiesto Mix),1997
1631,Joe Cocker & Jennifer Warnes,Up Where We Belong,1982
1632,Bruce Springsteen,Fire (Live),1986
1633,Cyndi Lauper,Time After Time,1984
1634,Stereophonics,Maybe Tomorrow,2003
1635,James Blunt,You're Beautiful,2005
1636,Youssou N'Dour & Neneh Cherry,7 Seconds,1994
1637,Jeff Wayne & Justin Hayward,Forever Autumn,1978
1638,Justin Bieber,Love Yourself,2016
1639,Elvis Presley,Blue Suede Shoes,1956
1640,Tom Jones,Green Green Grass Of Home,1966
1641,Billy Joel,Honesty,1978
1642,Peter Gabriel,In Your Eyes,1986
1643,Japan,Nightporter,1980
1644,Beyoncé,Listen,2007
1645,Metallica,Memory Remains,1997
1646,Madonna,Live To Tell,1986
1647,Oasis,Live Forever,1994
1648,Phil Collins,Take Me Home,1985
1649,Beyoncé & Jay-Z,Crazy In Love,2003
1650,Kendrick Lamar,King Kunta,2015
1651,Chris Isaak,Blue Hotel,1987
1652,Golden Earring,Weekend Love,1979
1653,Ultravox,Dancing With Tears In My Eyes,1984
1654,Mink Deville,Spanish Stroll,1977
1655,John Legend,Ordinary People,2005
1656,Twenty One Pilots,Heathens,2016
1657,Guns N' Roses,You Could Be Mine,1991
1658,Robbie Williams,She's The One,1999
1659,Guus Meeuwis,Proosten,2007
1660,Jeroen van Koningsbrugge,Wit Licht,2015
1661,Wolfmother,Woman,2005
1662,Eva Cassidy,Songbird,1997
1663,Elvis Presley,Guitar Man,1968
1664,Queens Of The Stone Age,Make It Wit Chu,2008
1665,The Who,Won't Get Fooled Again,1971
1666,Sam Smith,Stay With Me,2014
1667,Lange Frans & Baas B,Het Land Van,2005
1668,Dolly Dots,Love Me Just A Little Bit More (Totally Hooked On You),1983
1669,Boudewijn de Groot,Een Meisje Van 16,1965
1670,The Doors,Touch Me,1969
1671,De Kast,Hart Van Mijn Gevoel,1999
1672,Michael Jackson,Will You Be There,1993
1673,Green Day,When I Come Around,1995
1674,Bløf,Later Als Ik Groter Ben,2012
1675,Culture Club,Karma Chameleon,1983
1676,Coldplay,In My Place,2002
1677,Sam Cooke,Wonderful World,1960
1678,Mumford & Sons,Babel,2013
1679,Frankie Goes To Hollywood,Relax,1984
1680,The Beatles,I Want To Hold Your Hand,1964
1681,Lynyrd Skynyrd,Simple Man,1973
1682,The Beatles,Twist And Shout,1963
1683,The Kinks,Waterloo Sunset,1967
1684,James Blunt,Goodbye My Lover,2005
1685,Mark Knopfler,Going Home (Theme From Local Hero),1983
1686,David Bowie,Fame,1975
1687,Lady Antebellum,Need You Now,2010
1688,Pearl Jam,Rearviewmirror,1993
1689,Frank Sinatra,It Was A Very Good Year,1968
1690,Adele,Rumour Has It,2011
1691,The Weather Girls,It's Raining Men,1983
1692,Q65,The Life I Live,1966
1693,Pixies,Monkey Gone To Heaven,1989
1694,MGMT,Kids,2007
1695,Ramones,Blitzkrieg Bop,1976
1696,Marco Borsato,Speeltuin,1998
1697,Toto,I'll Be Over You,1986
1698,George Ezra,Budapest,2014
1699,Black,Wonderful Life,1987
1700,Boston,Don't Look Back,1978
1701,John Lennon,Working Class Hero,1970
1702,The Police,Can't Stand Losing You,1979
1703,Roy Orbison,You Got It,1989
1704,Sting & Cheb Mami,Desert Rose,2000
1705,Curtis Mayfield,Move On Up,1970
1706,Michael Jackson,Stranger In Moscow,1996
1707,Stevie Wonder,As,1976
1708,Annie Lennox,Why,1992
1709,Don Henley,New York Minute,1989
1710,Michael Jackson,Rock With You,1979
1711,Phil Collins,Something Happened On The Way To Heaven,1990
1712,Blackstreet ft. Dr Dre,No Diggity,1996
1713,Van Halen,Hot For Teacher,1984
1714,Yes,Close To The Edge,1972
1715,UB40 & Chrissie Hynde,I Got You Babe,1985
1716,Dire Straits,Water Of Love,1978
1717,Bee Gees,You Win Again,1987
1718,The Rolling Stones,Beast Of Burden,1978
1719,Ed Sheeran & Justin Bieber,I Don't Care,2019
1720,Led Zeppelin,Black Dog,1971
1721,Rare Earth,Get Ready,1970
1722,Ph. D.,I Won't Let You Down,1981
1723,Editors,An End Has A Start,2007
1724,Drukwerk,Je Loog Tegen Mij,1981
1725,Michael Jackson,Wanna Be Startin' Somethin',1983
1726,Dr. Hook & The Medicine Show,Sylvia's Mother,1972
1727,Jefferson Airplane,Somebody To Love,1967
1728,Beyoncé,If I Were A Boy,2008
1729,P!nk,Family Portrait,2002
1730,Julio Iglesias,Quiero,1976
1731,Bløf,Hemingway,2006
1732,Van Morrison,Into The Mystic,1970
1733,Kane,Damn Those Eyes,1999
1734,Michael Bublé,Home,2005
1735,Doe Maar,Pa,1983
1736,Backstreet Boys,Everybody (Backstreet's Back),1997
1737,OneRepublic,Counting Stars,2013
1738,Di-rect,This Is Who We Are,2010
1739,Offspring,Pretty Fly (For A White Guy),1999
1740,Brainbox,Down Man,1969
1741,The Black Crowes,Hard To Handle,1990
1742,Cyndi Lauper,Girls Just Want To Have Fun,1984
1743,Coldplay,A Head Full Of Dreams,2016
1744,Simply Red,Sunrise,2003
1745,Lorde,Royals,2013
1746,Boudewijn de Groot,Prikkebeen,1968
1747,Mumford & Sons,Hopeless Wanderer,2013
1748,Kraftwerk,The Model,1978
1749,The Who,My Generation,1965
1750,Bruce Springsteen,Racing In The Street,1975
1751,Mark Ronson & Miley Cyrus,Nothing Breaks Like A Heart,2018
1752,Fischer-Z,The Worker,1979
1753,The Beatles,A Hard Day's Night,1964
1754,Supertramp,Hide In Your Shell,1974
1755,The Smashing Pumpkins,Bullet With Butterfly Wings,1995
1756,The Smiths,How Soon Is Now,1984
1757,U2,Gloria (Live),1983
1758,Kings Of Leon,Pyro,2010
1759,Norah Jones,Don't Know Why,2002
1760,The Temper Trap,Sweet Disposition,2010
1761,Fink,Looking Too Closely,2014
1762,The Babys,Isn't It Time,1977
1763,Elvis Presley,An American Trilogy,1972
1764,America,Ventura Highway,1972
1765,Birdy,Skinny Love,2011
1766,Paul McCartney & Wings,Live And Let Die,1973
1767,Van Dik Hout,Meer Dan Een Ander,1994
1768,Steely Dan,Do It Again,1972
1769,Led Zeppelin,Rock And Roll,1971
1770,Simply Red,Fairground,1995
1771,Marco Borsato,Dromen Zijn Bedrog,1994
1772,The Cats,Times Were When,1968
1773,Herman Brood & His Wild Romance,I Love You Like I Love Myself,1979
1774,The Pointer Sisters,Fire,1979
1775,Patrick Bruel,Casser La Voix (Live),1992
1776,ABBA,Money Money Money,1976
1777,"Emerson, Lake & Palmer",Lucky Man,1971
1778,LP,Lost On You,2016
1779,Racoon,Feel Like Flying,2000
1780,Orchestral Manoeuvres In The Dark,Enola Gay,1980
1781,Crash Test Dummies,MMm MMm MMm MMm,1993
1782,Barbra Streisand,The Way We Were,1973
1783,Neil Diamond,Song Sung Blue,1972
1784,Counting Crows,Accidentally In Love,2004
1785,Roxy Music,Love Is The Drug,1976
1786,Creed,With Arms Wide Open,1999
1787,Peter Frampton,Show Me The Way,1976
1788,Duncan Browne,The Wild Places,1979
1789,Gossip,Heavy Cross,2009
1790,Jewel,Foolish Games,1997
1791,Eagles,Take It To The Limit,1975
1792,Muse,Mercy,2015
1793,Bette Midler,Beast Of Burden,1984
1794,Nina Hagen,Unbeschreiblich Weiblich,1979
1795,Sex Pistols,Anarchy In The Uk,1976
1796,Living Colour,Love Rears Its Ugly Head,1990
1797,Patrick Hernandez,Born To Be Alive,1979
1798,Marvin Gaye,Let's Get It On,1973
1799,The Doobie Brothers,Long Train Running,1973
1800,Bruce Springsteen,Brilliant Disguise,1987
1801,Gary Moore & Phil Lynott,Out In The Fields,1985
1802,Deep Purple,Woman From Tokyo,1973
1803,Santana & Rob Thomas,Smooth,2000
1804,Boudewijn de Groot,Als De Rook Om Je Hoofd Is Verdwenen,1972
1805,Calum Scott,Dancing On My Own,2016
1806,Carpenters,(They Long To Be) Close To You,1970
1807,George Michael,I Can't Make You Love Me,1997
1808,The Weeknd ft. Daft Punk,I Feel It Coming,2016
1809,Jamiroquai,Virtual Insanity,1996
1810,Ed Sheeran ft. Khalid,Beautiful People,2019
1811,Bruno Mars,Just The Way You Are,2010
1812,Dido,White Flag,2003
1813,Dua Lipa & Chris Martin,Homesick,2017
1814,Leonard Cohen,Famous Blue Raincoat,1971
1815,Bob Dylan,I Want You,1966
1816,"Bill Withers & Grover Washington, Jr.",Just The Two Of Us,1981
1817,Fatboy Slim,Praise You,1998
1818,Michael Jackson,P.Y.T. (Pretty Young Thing),1984
1819,Meat Loaf,Heaven Can Wait,1979
1820,The Prodigy,Out Of Space,1993
1821,Whitesnake,Is This Love,1987
1822,Cream,Sunshine Of Your Love,1968
1823,The Smashing Pumpkins,"Tonight, Tonight",1995
1824,The Cure,Lovesong,1989
1825,Wulf,All Things Under The Sun,2018
1826,Crowded House,Into Temptation,1989
1827,Douwe Bob,Jacob's Song,2016
1828,Norah Jones,Come Away With Me,2002
1829,Eros Ramazzotti,Se Bastasse Una Canzone,1990
1830,Santa Esmeralda,Don't Let Me Be Misunderstood,1977
1831,Genesis,Invisible Touch,1986
1832,Reinhard Mey,Gute Nacht Freunde,1974
1833,James Bay,Let It Go,2015
1834,Frank Boeijen Groep,Winter In Hamburg,1987
1835,Barbra Streisand,Papa Can You Hear Me?,1983
1836,The Black Keys,Gold On The Ceiling,2011
1837,5 Seconds of Summer,Youngblood,2018
1838,Tears For Fears,Mad World,1983
1839,Cher,If I Could Turn Back Time,1989
1840,Ed Sheeran,Lego House,2012
1841,Stereophonics,Dakota,2005
1842,Coldplay,Green Eyes,2002
1843,The Buoys,Give Up Your Guns,1972
1844,Sweet,Fox On The Run,1975
1845,Acda & De Munnik,Slaap Zacht Elisabeth,1998
1846,Twarres,Wer Bisto,2000
1847,B-52's,Love Shack,1989
1848,Rihanna,Man Down,2011
1849,Pet Shop Boys,It's A Sin,1987
1850,Johnny Cash,One,2000
1851,Kings Of Leon,Back Down South,2011
1852,Sandy Coast,The Eyes Of Jenny,1981
1853,George Michael,Kissing A Fool,1988
1854,George Baker Selection,Paloma Blanca,1975
1855,Womack & Womack,Teardrops,1988
1856,Kane,No Surrender,2009
1857,John Mayer,Heartbreak Warfare,2009
1858,Party Animals,Have You Ever Been Mellow,1996
1859,INXS,Original Sin,1984
1860,Queen,Good Old-Fashioned Lover Boy,1976
1861,Ugly Kid Joe,Cats In The Cradle,1993
1862,The Rolling Stones,Little Red Rooster,1965
1863,Alice In Chains,Rooster,1992
1864,Emeli Sandé,Clown,2012
1865,Prince,Gold,1995
1866,Supertramp,It's Raining Again,1982
1867,Robbie Williams,Come Undone,2003
1868,Alanis Morissette,Thank U,1998
1869,Foreigner,That Was Yesterday,1985
1870,Robbie Williams,The Road To Mandalay,2001
1871,Tanita Tikaram,Twist In My Sobriety,1988
1872,Jan Smit,Als De Morgen Is Gekomen,2006
1873,Panic! At The Disco,I Write Sins Not Tragedies,2005
1874,Van Halen,You Really Got Me,1978
1875,Dua Lipa,Be The One,2016
1876,Billy Ocean,Love Really Hurts Without You,1976
1877,Eurythmics,Here Comes The Rain Again,1983
1878,Eels,Novocaine For The Soul,1996
1879,Shirley Bassey,This Is My Life,1979
1880,Herman van Veen,Toveren,1987
1881,Tim Hardin,How Can We Hang On To A Dream,1967
1882,Daft Punk,Harder Better Faster Stronger,2001
1883,Eric Clapton,Forever Man,1985
1884,Rod Stewart,I Don't Want To Talk About It,1977
1885,The Rolling Stones,It's All Over Now,1964
1886,The Verve,The Drugs Don't Work,1997
1887,Al Green,Let's Stay Together,1971
1888,Steve Miller Band,The Joker,1973
1889,Tröckener Kecks,Met Hart en Ziel,1990
1890,Michael Bublé,Everything,2007
1891,Muse,Sing For Absolution,2003
1892,The Kinks,Sunny Afternoon,1966
1893,Pet Shop Boys,West End Girls,1986
1894,U2,One Tree Hill,1987
1895,The Mamas & The Papas,Monday Monday,1966
1896,Taylor Swift,Shake It Off,2014
1897,The Beach Boys,Tears In The Morning,1970
1898,Maggie MacNeal,Terug Naar De Kust,1976
1899,Kid Rock,All Summer Long,2008
1900,Khruangbin & Leon Bridges,Texas Sun,2019
1901,Snap!,Rhythm Is A Dancer,1992
1902,OutKast,Ms. Jackson,2001
1903,Neil Diamond,Girl You'll Be A Woman Soon,1971
1904,Di-rect,Inside My Head,2002
1905,Queens Of The Stone Age,I Sat By The Ocean,2013
1906,De Dijk,Mijn Van Straat Geredde Roos,2008
1907,Kate Bush,Babooshka,1980
1908,Neil Young,Southern Man,1970
1909,Daft Punk,Around The World,1997
1910,Marco Borsato,Binnen,1999
1911,Bruce Springsteen,Secret Garden,1995
1912,Johan,Tumble And Fall,2001
1913,David Bowie,The Jean Genie,1973
1914,Jon & Vangelis,I'll Find My Way Home,1982
1915,Boney M.,Daddy Cool,1976
1916,Guano Apes,Open Your Eyes,1997
1917,Elvis Presley,Return To Sender,1962
1918,Eric Clapton,Knockin' On Heaven's Door,1975
1919,Mecano,Hijo De La Luna,1990
1920,James Brown,Sex Machine,1970
1921,Calvin Harris & Dua Lipa,One Kiss,2018
1922,Editors,A Ton Of Love,2013
1923,Bruce Springsteen,Working On A Dream,2008
1924,Neil Diamond & Barbra Streisand,You Don't Bring Me Flowers,1978
1925,Damien Rice,The Blower's Daughter,2005
1926,Walk The Moon,Shut Up And Dance,2014
1927,Paul Simon,Still Crazy After All These Years,1975
1928,Amanda Marshall,Beautiful Goodbye,1996
1929,Randy Crawford,One Day I'll Fly Away,1980
1930,Agnes Obel,Riverside,2011
1931,Bløf,Hier,2000
1932,Bachman-Turner Overdrive,You Ain't Seen Nothing Yet,1974
1933,The Cure,In Between Days,1985
1934,KISS,Detroit Rock City,1976
1935,The Script,Superheroes,2014
1936,Fleetwood Mac,Never Going Back Again,1977
1937,Manfred Mann's Earth Band,Blinded By The Light,1976
1938,Douwe Bob & Jacqueline Govaert,I Do,2018
1939,Spandau Ballet,True,1983
1940,Keane,This Is The Last Time,2005
1941,Ray Charles,Georgia On My Mind,1960
1942,Al Stewart,On The Border,1977
1943,Prince & The New Power Generation,Diamonds And Pearls,1991
1944,Nirvana,All Apologies,1993
1945,Hall & Oates,I Can't Go For That (No Can Do),1981
1946,Notorious B.I.G.,Hypnotize,1997
1947,Slade,Merry Xmas Everybody,1973
1948,Dire Straits,Calling Elvis,1991
1949,Martin Garrix,High On Life,2018
1950,The Beatles,Don't Let Me Down,1969
1951,Hall & Oates,Maneater,1982
1952,Roxette,The Look,1989
1953,Michael Jackson & Justin Timberlake,Love Never Felt So Good,2014
1954,Vitesse,Rosalyn,1982
1955,Genesis,No Son Of Mine,1991
1956,Elvis vs. JXL,A Little Less Conversation,2002
1957,Anouk,Sacrifice,1998
1958,Rihanna,Diamonds,2012
1959,The Chemical Brothers,Hey Boy Hey Girl,1999
1960,Lukas Graham,7 Years,2015
1961,Bob Dylan,Don't Think Twice It's All Right,1963
1962,Bon Jovi,Keep The Faith,1992
1963,A-Ha,Hunting High And Low,1986
1964,Blind Melon,No Rain,1993
1965,Teskey Brothers,Hold Me,2019
1966,Roxette,Fading Like A Flower,1991
1967,Niall Horan,Nice To Meet Ya,2019
1968,Alicia Keys,If I Ain't Got You,2004
1969,Rowwen Hèze,'T Roeie Klied,1995
1970,Frankie Goes To Hollywood,Two Tribes,1984
1971,Mumford & Sons,Guiding Light,2018
1972,Robin Thicke ft. T.I. & Pharrell Williams,Blurred Lines,2013
1973,Coldplay,God Put A Smile Upon Your Face,2002
1974,Frank Zappa,Dancin' Fool,1979
1975,Foo Fighters,My Hero (Live),2006
1976,Tom Walker,Leave A Light On,2018
1977,Saybia,I Surrender,2004
1978,Eminem,My Name Is,1999
1979,Anouk,Modern World,2008
1980,Counting Crows,A Long December,1996
1981,Rihanna ft. Mikky Ekko,Stay,2013
1982,Fleetwood Mac,Black Magic Woman,1968
1983,ABBA,Summer Night City,1978
1984,Solomon Burke & De Dijk,Hold On Tight,2010
1985,Golden Earrings,Sound Of The Screaming Day,1967
1986,Bløf,Dichterbij Dan Ooit,2001
1987,Clouseau,Domino,1990
1988,Tom Odell,Grow Old With Me,2013
1989,Maarten van Roozendaal,Red Mij Niet,2001
1990,Harry Styles,Watermelon Sugar,2020
1991,Joe Jackson,Steppin' Out,1982
1992,Level 42,Love Games,1981
1993,10cc,The Wall Street Shuffle,1974
1994,Outfield,Your Love,1986
1995,Alicia Keys,Fallin',2001
1996,Rob de Nijs,Zondag,1980
1997,Joy Division,Atmosphere,1979
1998,Klein Orkest,Laat Mij Maar Alleen,1982
1999,Lou Reed,Sweet Jane,1974
2000,Electric Light Orchestra,Can't Get It Out Of My Head,1975
